limit,rate,term,ecl,revenue,profit
20000.0,0.15,36.0,9.362510914623815,9000.0,8990.637489085377
20000.0,0.15,36.0,943.4425274027546,9000.0,8056.557472597246
20000.0,0.15,36.0,45.371882110844616,9000.0,8954.628117889155
20000.0,0.15,36.0,835.8134756671722,9000.0,8164.1865243328275
20000.0,0.15,36.0,1466.952144232931,9000.0,7533.0478557670685
20000.0,0.15,36.0,1244.5860192890766,9000.0,7755.413980710923
20000.0,0.15,36.0,65.15990185507236,9000.0,8934.840098144927
20000.0,0.15,36.0,276.01710554924233,9000.0,8723.982894450757
20000.0,0.15,36.0,27.961441423055344,9000.0,8972.038558576945
20000.0,0.15,36.0,1801.3083204629565,9000.0,7198.6916795370435
20000.0,0.15,36.0,143.29360770173028,9000.0,8856.706392298269
20000.0,0.15,36.0,1241.0804467939015,9000.0,7758.9195532060985
20000.0,0.15,36.0,114.3143200791322,9000.0,8885.685679920867
20000.0,0.15,36.0,105.46109290267707,9000.0,8894.538907097323
20000.0,0.15,36.0,263.82900545625535,9000.0,8736.170994543745
20000.0,0.15,36.0,135.62077422439216,9000.0,8864.379225775609
20000.0,0.15,36.0,10.066973447329515,9000.0,8989.93302655267
20000.0,0.15,36.0,905.9413181267348,9000.0,8094.058681873265
,,,,,
20000.0,0.15,36.0,76.4797007417245,9000.0,8923.520299258276
20000.0,0.15,36.0,53.58592104282082,9000.0,8946.41407895718
20000.0,0.15,36.0,80.04407519063741,9000.0,8919.955924809363
20000.0,0.15,36.0,166.45879768128032,9000.0,8833.54120231872
20000.0,0.15,36.0,10.899066543825038,9000.0,8989.100933456175
20000.0,0.15,36.0,6.099784391646423,9000.0,8993.900215608353
20000.0,0.15,36.0,88.863054870339,9000.0,8911.136945129661
20000.0,0.15,36.0,8.41298625548903,9000.0,8991.58701374451
20000.0,0.15,36.0,24.233641959797136,9000.0,8975.766358040202
20000.0,0.15,36.0,63.87145215319736,9000.0,8936.128547846803
,,,,,
20000.0,0.15,36.0,100.13151400802164,9000.0,8899.868485991978
20000.0,0.15,36.0,1170.3385837383018,9000.0,7829.661416261698
20000.0,0.15,36.0,290.4622573666505,9000.0,8709.537742633349
20000.0,0.15,36.0,4.519207618984455,9000.0,8995.480792381015
20000.0,0.15,36.0,374.1936611431475,9000.0,8625.806338856852
20000.0,0.15,36.0,113.57115854185514,9000.0,8886.428841458144
20000.0,0.15,36.0,288.48769205319815,9000.0,8711.512307946801
20000.0,0.15,36.0,323.2438329322837,9000.0,8676.756167067717
20000.0,0.15,36.0,28.468210144116817,9000.0,8971.531789855882
20000.0,0.15,36.0,23.138473244297668,9000.0,8976.861526755702
20000.0,0.15,36.0,207.80180684613464,9000.0,8792.198193153865
20000.0,0.15,36.0,100.25773123088806,9000.0,8899.742268769112
20000.0,0.15,36.0,403.7354569830832,9000.0,8596.264543016916
20000.0,0.15,36.0,59.57021497428336,9000.0,8940.429785025717
20000.0,0.15,36.0,683.9101469865379,9000.0,8316.089853013462
20000.0,0.15,36.0,47.80485866886162,9000.0,8952.195141331138
20000.0,0.15,36.0,119.65338225551079,9000.0,8880.34661774449
20000.0,0.15,36.0,107.64847235958719,9000.0,8892.351527640412
20000.0,0.15,36.0,53.37323332143661,9000.0,8946.626766678562
20000.0,0.15,36.0,72.19337666913734,9000.0,8927.806623330862
20000.0,0.15,36.0,524.8912431413715,9000.0,8475.108756858628
20000.0,0.15,36.0,166.12728816678145,9000.0,8833.872711833219
20000.0,0.15,36.0,37.05171352530931,9000.0,8962.948286474691
20000.0,0.15,36.0,13.033188432641632,9000.0,8986.966811567358
20000.0,0.15,36.0,606.812088150511,9000.0,8393.187911849489
20000.0,0.15,36.0,5.959855492112161,9000.0,8994.040144507888
20000.0,0.15,36.0,110.94355324580373,9000.0,8889.056446754197
20000.0,0.15,36.0,784.6856853302166,9000.0,8215.314314669784
20000.0,0.15,36.0,348.0092284814983,9000.0,8651.990771518502
20000.0,0.15,36.0,295.57118589805975,9000.0,8704.42881410194
20000.0,0.15,36.0,248.50276937271906,9000.0,8751.497230627281
20000.0,0.15,36.0,0.8167947674904086,9000.0,8999.18320523251
20000.0,0.15,36.0,41.370037846068506,9000.0,8958.629962153931
20000.0,0.15,36.0,1290.9500578570749,9000.0,7709.049942142925
20000.0,0.15,36.0,155.95928782308712,9000.0,8844.040712176913
20000.0,0.15,36.0,255.25511326060033,9000.0,8744.7448867394
20000.0,0.15,36.0,146.73099320052793,9000.0,8853.269006799472
20000.0,0.15,36.0,61.07544878300695,9000.0,8938.924551216993
20000.0,0.15,36.0,154.53148852465216,9000.0,8845.468511475348
20000.0,0.15,36.0,169.22544273757288,9000.0,8830.774557262426
20000.0,0.15,36.0,454.28278569783487,9000.0,8545.717214302165
20000.0,0.15,36.0,3.4503857860103886,9000.0,8996.54961421399
20000.0,0.15,36.0,35.25531296288109,9000.0,8964.744687037119
20000.0,0.15,36.0,645.8814022208207,9000.0,8354.11859777918
20000.0,0.15,36.0,597.4356324192064,9000.0,8402.564367580793
20000.0,0.15,36.0,100.70275564123035,9000.0,8899.29724435877
20000.0,0.15,36.0,1159.2843749194826,9000.0,7840.715625080517
20000.0,0.15,36.0,158.79609193984635,9000.0,8841.203908060153
20000.0,0.15,36.0,395.52778473293574,9000.0,8604.472215267064
20000.0,0.15,36.0,907.6034551565108,9000.0,8092.396544843489
20000.0,0.15,36.0,71.63148053503873,9000.0,8928.36851946496
20000.0,0.15,36.0,28.075992633916318,9000.0,8971.924007366084
20000.0,0.15,36.0,95.46770415614974,9000.0,8904.53229584385
20000.0,0.15,36.0,168.32262996616245,9000.0,8831.677370033838
20000.0,0.15,36.0,265.5806618540578,9000.0,8734.419338145943
20000.0,0.15,36.0,4.531860875028942,9000.0,8995.46813912497
20000.0,0.15,36.0,170.39721490127036,9000.0,8829.60278509873
,,,,,
20000.0,0.15,36.0,167.02295076702072,9000.0,8832.977049232979
20000.0,0.15,36.0,181.1419878569893,9000.0,8818.858012143011
20000.0,0.15,36.0,5.270323967834994,9000.0,8994.729676032164
20000.0,0.15,36.0,24.202649474250677,9000.0,8975.797350525749
20000.0,0.15,36.0,4.189702490498623,9000.0,8995.8102975095
20000.0,0.15,36.0,148.46420748909253,9000.0,8851.535792510907
20000.0,0.15,36.0,50.09224526675483,9000.0,8949.907754733245
,,,,,
20000.0,0.15,36.0,11.059557557771031,9000.0,8988.940442442228
20000.0,0.15,36.0,91.35867544753194,9000.0,8908.641324552467
20000.0,0.15,36.0,174.2667758977451,9000.0,8825.733224102254
20000.0,0.15,36.0,395.5792814451677,9000.0,8604.420718554833
20000.0,0.15,36.0,186.59507645828378,9000.0,8813.404923541717
20000.0,0.15,36.0,346.07271465866324,9000.0,8653.927285341337
20000.0,0.15,36.0,13.048474177642102,9000.0,8986.951525822358
20000.0,0.15,36.0,64.91569117179688,9000.0,8935.084308828204
20000.0,0.15,36.0,27.78126279285593,9000.0,8972.218737207144
,,,,,
20000.0,0.15,36.0,919.5762749587641,9000.0,8080.423725041236
20000.0,0.15,36.0,429.11376867487076,9000.0,8570.886231325128
20000.0,0.15,36.0,633.9404203910191,9000.0,8366.05957960898
20000.0,0.15,36.0,13.807329506804718,9000.0,8986.192670493196
20000.0,0.15,36.0,332.30705928239115,9000.0,8667.692940717609
20000.0,0.15,36.0,51.00132070561989,9000.0,8948.99867929438
20000.0,0.15,36.0,1099.2802335163901,9000.0,7900.719766483609
20000.0,0.15,36.0,1109.4226181232646,9000.0,7890.577381876736
20000.0,0.15,36.0,46.526018193624935,9000.0,8953.473981806375
20000.0,0.15,36.0,21.176456304534696,9000.0,8978.823543695466
20000.0,0.15,36.0,685.0108472352027,9000.0,8314.989152764798
20000.0,0.15,36.0,29.473178762592354,9000.0,8970.526821237409
20000.0,0.15,36.0,169.28261822198894,9000.0,8830.717381778011
20000.0,0.15,36.0,104.08820526299282,9000.0,8895.911794737007
20000.0,0.15,36.0,182.59281585732154,9000.0,8817.407184142678
20000.0,0.15,36.0,92.2384435008715,9000.0,8907.761556499128
20000.0,0.15,36.0,69.85187661659137,9000.0,8930.14812338341
20000.0,0.15,36.0,26.250488042025776,9000.0,8973.749511957974
20000.0,0.15,36.0,190.3954410499862,9000.0,8809.604558950014
20000.0,0.15,36.0,192.8428204671558,9000.0,8807.157179532844
20000.0,0.15,36.0,33.41274214041446,9000.0,8966.587257859586
20000.0,0.15,36.0,124.21981523753291,9000.0,8875.780184762467
20000.0,0.15,36.0,100.74356502711497,9000.0,8899.256434972885
20000.0,0.15,36.0,124.70575673990973,9000.0,8875.29424326009
20000.0,0.15,36.0,1067.4074400429834,9000.0,7932.592559957016
,,,,,
20000.0,0.15,36.0,250.2284250474007,9000.0,8749.7715749526
20000.0,0.15,36.0,300.1161305946908,9000.0,8699.883869405308
20000.0,0.15,36.0,607.908489379391,9000.0,8392.091510620608
20000.0,0.15,36.0,2.125387820561666,9000.0,8997.874612179437
20000.0,0.15,36.0,16.83233314467082,9000.0,8983.16766685533
20000.0,0.15,36.0,22.35054330852778,9000.0,8977.649456691472
20000.0,0.15,36.0,26.44071966742144,9000.0,8973.559280332578
20000.0,0.15,36.0,115.45190864594458,9000.0,8884.548091354056
20000.0,0.15,36.0,10.88473171303683,9000.0,8989.115268286963
20000.0,0.15,36.0,446.74296986702956,9000.0,8553.25703013297
20000.0,0.15,36.0,328.67476280366594,9000.0,8671.325237196334
20000.0,0.15,36.0,342.0954987047851,9000.0,8657.904501295216
20000.0,0.15,36.0,175.39219719011263,9000.0,8824.607802809887
20000.0,0.15,36.0,440.7230755454423,9000.0,8559.276924454558
20000.0,0.15,36.0,133.87314070850258,9000.0,8866.126859291497
20000.0,0.15,36.0,5.544995983803078,9000.0,8994.455004016198
20000.0,0.15,36.0,179.0283625378256,9000.0,8820.971637462175
20000.0,0.15,36.0,1.8132500508289056,9000.0,8998.186749949171
20000.0,0.15,36.0,38.8847377674911,9000.0,8961.115262232508
20000.0,0.15,36.0,3.5221226135562023,9000.0,8996.477877386444
20000.0,0.15,36.0,601.4053270880191,9000.0,8398.59467291198
20000.0,0.15,36.0,222.01487958730763,9000.0,8777.985120412692
20000.0,0.15,36.0,206.77397319218989,9000.0,8793.22602680781
20000.0,0.15,36.0,79.8684394268644,9000.0,8920.131560573136
20000.0,0.15,36.0,33.085889818436485,9000.0,8966.914110181564
20000.0,0.15,36.0,43.20534437738042,9000.0,8956.79465562262
20000.0,0.15,36.0,452.4171177487904,9000.0,8547.58288225121
20000.0,0.15,36.0,0.9580747359298357,9000.0,8999.04192526407
20000.0,0.15,36.0,22.13228646455367,9000.0,8977.867713535446
20000.0,0.15,36.0,51.22421390724826,9000.0,8948.775786092752
20000.0,0.15,36.0,1.7511051032936673,9000.0,8998.248894896706
20000.0,0.15,36.0,709.2012231494152,9000.0,8290.798776850585
20000.0,0.15,36.0,15.508902536310696,9000.0,8984.49109746369
20000.0,0.15,36.0,22.43628906803887,9000.0,8977.563710931961
20000.0,0.15,36.0,332.35196846226626,9000.0,8667.648031537734
20000.0,0.15,36.0,247.33560988309395,9000.0,8752.664390116906
20000.0,0.15,36.0,94.35367241059284,9000.0,8905.646327589408
20000.0,0.15,36.0,56.75881520667954,9000.0,8943.24118479332
20000.0,0.15,36.0,379.50223338003275,9000.0,8620.497766619967
20000.0,0.15,36.0,17.23948414400788,9000.0,8982.760515855993
20000.0,0.15,36.0,214.34459600207344,9000.0,8785.655403997927
20000.0,0.15,36.0,36.69769967982748,9000.0,8963.302300320172
20000.0,0.15,36.0,1086.9598695912157,9000.0,7913.0401304087845
20000.0,0.15,36.0,275.36831460319286,9000.0,8724.631685396807
20000.0,0.15,36.0,512.7987150859626,9000.0,8487.201284914037
20000.0,0.15,36.0,2.761620864769926,9000.0,8997.23837913523
20000.0,0.15,36.0,16.916113287024363,9000.0,8983.083886712975
20000.0,0.15,36.0,26.026898338689914,9000.0,8973.97310166131
20000.0,0.15,36.0,1993.5066841152075,9000.0,7006.4933158847925
20000.0,0.15,36.0,1103.5081666310216,9000.0,7896.491833368978
20000.0,0.15,36.0,164.78513898792477,9000.0,8835.214861012075
20000.0,0.15,36.0,2.539909043648139,9000.0,8997.460090956352
20000.0,0.15,36.0,160.72854587770294,9000.0,8839.271454122298
20000.0,0.15,36.0,21.69076344666559,9000.0,8978.309236553334
20000.0,0.15,36.0,431.14417783935033,9000.0,8568.855822160649
20000.0,0.15,36.0,6.072196711566428,9000.0,8993.927803288434
20000.0,0.15,36.0,20.71658756898555,9000.0,8979.283412431014
20000.0,0.15,36.0,1106.4437982312122,9000.0,7893.556201768788
20000.0,0.15,36.0,52.278657006421234,9000.0,8947.721342993578
20000.0,0.15,36.0,1655.469897620959,9000.0,7344.530102379041
20000.0,0.15,36.0,370.1689701184807,9000.0,8629.83102988152
20000.0,0.15,36.0,50.05284631212243,9000.0,8949.947153687877
20000.0,0.15,36.0,584.5795905128892,9000.0,8415.420409487111
20000.0,0.15,36.0,193.94193643862462,9000.0,8806.058063561375
20000.0,0.15,36.0,12.970641397611196,9000.0,8987.029358602389
20000.0,0.15,36.0,216.68875683588627,9000.0,8783.311243164113
20000.0,0.15,36.0,244.84413578440447,9000.0,8755.155864215596
20000.0,0.15,36.0,1184.1203280238187,9000.0,7815.879671976181
20000.0,0.15,36.0,6.745799970275279,9000.0,8993.254200029725
20000.0,0.15,36.0,23.249010526395114,9000.0,8976.750989473605
20000.0,0.15,36.0,370.23538488973196,9000.0,8629.764615110267
20000.0,0.15,36.0,96.12999445999772,9000.0,8903.870005540002
20000.0,0.15,36.0,49.916165783084075,9000.0,8950.083834216915
20000.0,0.15,36.0,939.8354074188727,9000.0,8060.164592581127
20000.0,0.15,36.0,20.336867958902847,9000.0,8979.663132041098
20000.0,0.15,36.0,57.94779044842396,9000.0,8942.052209551575
20000.0,0.15,36.0,1136.4702861522644,9000.0,7863.529713847735
20000.0,0.15,36.0,0.6658160159587292,9000.0,8999.334183984041
20000.0,0.15,36.0,12.583649577251608,9000.0,8987.416350422749
20000.0,0.15,36.0,34.82244579585143,9000.0,8965.177554204149
20000.0,0.15,36.0,1292.5541541720663,9000.0,7707.445845827933
20000.0,0.15,36.0,153.68248384736458,9000.0,8846.317516152636
20000.0,0.15,36.0,63.173826387995966,9000.0,8936.826173612004
20000.0,0.15,36.0,3.492695922472755,9000.0,8996.507304077528
20000.0,0.15,36.0,445.41153527800645,9000.0,8554.588464721994
20000.0,0.15,36.0,90.07707363875804,9000.0,8909.922926361241
20000.0,0.15,36.0,622.8329393481346,9000.0,8377.167060651866
20000.0,0.15,36.0,19.861326792273413,9000.0,8980.138673207726
20000.0,0.15,36.0,177.90291852142755,9000.0,8822.097081478572
20000.0,0.15,36.0,231.61095018240664,9000.0,8768.389049817593
20000.0,0.15,36.0,50.82493683991224,9000.0,8949.175063160088
20000.0,0.15,36.0,11.260550528602051,9000.0,8988.739449471397
20000.0,0.15,36.0,35.266989214891396,9000.0,8964.733010785108
20000.0,0.15,36.0,372.874346186049,9000.0,8627.125653813951
20000.0,0.15,36.0,1872.8472445440789,9000.0,7127.152755455922
20000.0,0.15,36.0,1195.0064028899044,9000.0,7804.993597110096
20000.0,0.15,36.0,20.59797833198344,9000.0,8979.402021668016
20000.0,0.15,36.0,334.4797170443171,9000.0,8665.520282955684
20000.0,0.15,36.0,460.6985367210057,9000.0,8539.301463278995
20000.0,0.15,36.0,105.6887120394916,9000.0,8894.311287960509
20000.0,0.15,36.0,43.655751041183635,9000.0,8956.344248958816
20000.0,0.15,36.0,53.508444869771544,9000.0,8946.49155513023
20000.0,0.15,36.0,5.455744364889257,9000.0,8994.54425563511
20000.0,0.15,36.0,541.6510022486741,9000.0,8458.348997751325
20000.0,0.15,36.0,1553.0960275332102,9000.0,7446.90397246679
20000.0,0.15,36.0,698.0271845350017,9000.0,8301.972815464998
20000.0,0.15,36.0,30.1685452946995,9000.0,8969.8314547053
20000.0,0.15,36.0,29.87423924481321,9000.0,8970.125760755187
20000.0,0.15,36.0,117.07180234094821,9000.0,8882.928197659052
20000.0,0.15,36.0,10.706838803599986,9000.0,8989.2931611964
20000.0,0.15,36.0,469.0752491529899,9000.0,8530.92475084701
20000.0,0.15,36.0,12.179223842481193,9000.0,8987.82077615752
20000.0,0.15,36.0,122.30468028216177,9000.0,8877.695319717839
20000.0,0.15,36.0,6.1633242372783075,9000.0,8993.836675762721
20000.0,0.15,36.0,2.280842566216831,9000.0,8997.719157433783
20000.0,0.15,36.0,123.56719466309929,9000.0,8876.4328053369
20000.0,0.15,36.0,32.04760030032075,9000.0,8967.95239969968
20000.0,0.15,36.0,34.455254392624354,9000.0,8965.544745607376
20000.0,0.15,36.0,7.912292983148557,9000.0,8992.087707016852
20000.0,0.15,36.0,114.37394099418485,9000.0,8885.626059005815
20000.0,0.15,36.0,371.5545763754424,9000.0,8628.445423624558
20000.0,0.15,36.0,125.99958199257077,9000.0,8874.000418007428
20000.0,0.15,36.0,8.650284017874728,9000.0,8991.349715982125
20000.0,0.15,36.0,205.07851545535448,9000.0,8794.921484544646
20000.0,0.15,36.0,36.294085019857754,9000.0,8963.705914980143
20000.0,0.15,36.0,977.4447128286331,9000.0,8022.555287171367
20000.0,0.15,36.0,30.034090503335698,9000.0,8969.965909496665
20000.0,0.15,36.0,20.68228020391322,9000.0,8979.317719796087
20000.0,0.15,36.0,126.87867554052143,9000.0,8873.121324459478
20000.0,0.15,36.0,84.43969470789192,9000.0,8915.560305292109
20000.0,0.15,36.0,394.6363510794802,9000.0,8605.36364892052
20000.0,0.15,36.0,257.3606796855253,9000.0,8742.639320314474
20000.0,0.15,36.0,20.183393586015278,9000.0,8979.816606413984
20000.0,0.15,36.0,67.1800360606388,9000.0,8932.81996393936
20000.0,0.15,36.0,108.00098130510457,9000.0,8891.999018694896
20000.0,0.15,36.0,115.23311391285559,9000.0,8884.766886087144
20000.0,0.15,36.0,1872.2425209391433,9000.0,7127.757479060857
20000.0,0.15,36.0,19.535863325817203,9000.0,8980.464136674183
20000.0,0.15,36.0,31.37345133588387,9000.0,8968.626548664117
20000.0,0.15,36.0,11.084404236618607,9000.0,8988.915595763381
,,,,,
20000.0,0.15,36.0,537.9041681427476,9000.0,8462.095831857252
,,,,,
20000.0,0.15,36.0,26.418269391826605,9000.0,8973.581730608174
20000.0,0.15,36.0,65.32880062517931,9000.0,8934.671199374821
20000.0,0.15,36.0,65.52175927531425,9000.0,8934.478240724686
20000.0,0.15,36.0,74.64650745482167,9000.0,8925.353492545179
20000.0,0.15,36.0,49.658458259564235,9000.0,8950.341541740436
20000.0,0.15,36.0,30.551963555941263,9000.0,8969.448036444059
20000.0,0.15,36.0,16.932885221102318,9000.0,8983.067114778898
20000.0,0.15,36.0,46.912421156157635,9000.0,8953.087578843842
20000.0,0.15,36.0,14.265271700732734,9000.0,8985.734728299267
20000.0,0.15,36.0,285.78748737003286,9000.0,8714.212512629967
,,,,,
20000.0,0.15,36.0,1305.1696360632889,9000.0,7694.830363936711
20000.0,0.15,36.0,539.5076254920226,9000.0,8460.492374507978
20000.0,0.15,36.0,25.731795267755462,9000.0,8974.268204732245
20000.0,0.15,36.0,303.8229925861541,9000.0,8696.177007413846
20000.0,0.15,36.0,3.9546323671301433,9000.0,8996.04536763287
20000.0,0.15,36.0,427.82716742357076,9000.0,8572.172832576429
20000.0,0.15,36.0,195.15869396207492,9000.0,8804.841306037924
20000.0,0.15,36.0,524.2386453164861,9000.0,8475.761354683515
20000.0,0.15,36.0,247.0976451577731,9000.0,8752.902354842226
20000.0,0.15,36.0,443.19732386345123,9000.0,8556.802676136549
20000.0,0.15,36.0,59.78431409495363,9000.0,8940.215685905046
20000.0,0.15,36.0,25.622307002350603,9000.0,8974.37769299765
20000.0,0.15,36.0,53.869349804003974,9000.0,8946.130650195995
20000.0,0.15,36.0,33.448286361702934,9000.0,8966.551713638297
20000.0,0.15,36.0,34.420323478189005,9000.0,8965.579676521811
20000.0,0.15,36.0,355.1286621561498,9000.0,8644.87133784385
20000.0,0.15,36.0,62.63997693869228,9000.0,8937.360023061308
20000.0,0.15,36.0,28.78874039030496,9000.0,8971.211259609696
20000.0,0.15,36.0,936.4011301911592,9000.0,8063.59886980884
20000.0,0.15,36.0,31.171432438027903,9000.0,8968.828567561972
20000.0,0.15,36.0,127.09993343486511,9000.0,8872.900066565135
20000.0,0.15,36.0,123.25254793467687,9000.0,8876.747452065323
20000.0,0.15,36.0,51.02553885443343,9000.0,8948.974461145566
20000.0,0.15,36.0,16.896957604290233,9000.0,8983.103042395709
20000.0,0.15,36.0,337.6159083798042,9000.0,8662.384091620195
20000.0,0.15,36.0,899.2559952523565,9000.0,8100.744004747644
20000.0,0.15,36.0,305.5106440953121,9000.0,8694.489355904689
20000.0,0.15,36.0,33.25536660811645,9000.0,8966.744633391883
20000.0,0.15,36.0,21.965253702808152,9000.0,8978.034746297191
20000.0,0.15,36.0,397.7953312329977,9000.0,8602.204668767003
20000.0,0.15,36.0,27.22156848220885,9000.0,8972.77843151779
20000.0,0.15,36.0,96.23425533195272,9000.0,8903.765744668048
20000.0,0.15,36.0,31.171964061162736,9000.0,8968.828035938837
20000.0,0.15,36.0,772.0463120613242,9000.0,8227.953687938676
20000.0,0.15,36.0,420.94396899680044,9000.0,8579.0560310032
20000.0,0.15,36.0,735.0517521981304,9000.0,8264.948247801869
20000.0,0.15,36.0,117.54712766571329,9000.0,8882.452872334286
20000.0,0.15,36.0,116.02867056040797,9000.0,8883.971329439591
20000.0,0.15,36.0,69.54648650708307,9000.0,8930.453513492917
20000.0,0.15,36.0,76.82201290279762,9000.0,8923.177987097202
20000.0,0.15,36.0,40.085752827178936,9000.0,8959.914247172821
20000.0,0.15,36.0,98.27101782904943,9000.0,8901.728982170951
20000.0,0.15,36.0,926.70999326293,9000.0,8073.29000673707
20000.0,0.15,36.0,101.29531442346315,9000.0,8898.704685576537
20000.0,0.15,36.0,480.9815678101172,9000.0,8519.018432189883
20000.0,0.15,36.0,185.32916630638007,9000.0,8814.67083369362
20000.0,0.15,36.0,315.8643791141924,9000.0,8684.135620885807
20000.0,0.15,36.0,257.5317656216009,9000.0,8742.468234378399
20000.0,0.15,36.0,419.92335601709556,9000.0,8580.076643982904
20000.0,0.15,36.0,345.0523379767583,9000.0,8654.947662023242
20000.0,0.15,36.0,112.94696352478074,9000.0,8887.05303647522
20000.0,0.15,36.0,44.74876957563571,9000.0,8955.251230424365
20000.0,0.15,36.0,380.1671522913865,9000.0,8619.832847708614
20000.0,0.15,36.0,254.80767151826745,9000.0,8745.192328481733
20000.0,0.15,36.0,1486.4992650393128,9000.0,7513.500734960688
20000.0,0.15,36.0,281.4786156231149,9000.0,8718.521384376885
20000.0,0.15,36.0,298.07601288504964,9000.0,8701.923987114951
20000.0,0.15,36.0,512.3036808636393,9000.0,8487.696319136361
20000.0,0.15,36.0,555.253796801328,9000.0,8444.746203198672
20000.0,0.15,36.0,34.14982840124629,9000.0,8965.850171598753
20000.0,0.15,36.0,92.35211660047887,9000.0,8907.64788339952
20000.0,0.15,36.0,481.09593216091355,9000.0,8518.904067839087
20000.0,0.15,36.0,8.920831896787737,9000.0,8991.079168103211
20000.0,0.15,36.0,123.308413279056,9000.0,8876.691586720945
20000.0,0.15,36.0,87.52947262168904,9000.0,8912.470527378311
20000.0,0.15,36.0,8.142196669733446,9000.0,8991.857803330267
20000.0,0.15,36.0,5.665238088112239,9000.0,8994.334761911889
20000.0,0.15,36.0,1360.614594656978,9000.0,7639.385405343022
20000.0,0.15,36.0,43.657581829731285,9000.0,8956.342418170269
20000.0,0.15,36.0,82.17670777517586,9000.0,8917.823292224824
20000.0,0.15,36.0,4.12675890632904,9000.0,8995.873241093672
20000.0,0.15,36.0,476.76603387590967,9000.0,8523.233966124091
20000.0,0.15,36.0,27.828935772041717,9000.0,8972.171064227958
20000.0,0.15,36.0,433.3924014577673,9000.0,8566.607598542232
20000.0,0.15,36.0,240.95619590417746,9000.0,8759.043804095823
20000.0,0.15,36.0,64.50250177088938,9000.0,8935.497498229111
20000.0,0.15,36.0,388.13472449221473,9000.0,8611.865275507786
20000.0,0.15,36.0,120.66847840034423,9000.0,8879.331521599655
20000.0,0.15,36.0,538.4043182667119,9000.0,8461.595681733288
20000.0,0.15,36.0,10.151620711732368,9000.0,8989.848379288267
20000.0,0.15,36.0,35.237480008270076,9000.0,8964.76251999173
20000.0,0.15,36.0,788.1023616666074,9000.0,8211.897638333392
20000.0,0.15,36.0,466.80459090567666,9000.0,8533.195409094324
20000.0,0.15,36.0,696.7320442641941,9000.0,8303.267955735806
20000.0,0.15,36.0,141.76303928606296,9000.0,8858.236960713937
20000.0,0.15,36.0,175.9265552016028,9000.0,8824.073444798398
20000.0,0.15,36.0,95.02980822809624,9000.0,8904.970191771903
20000.0,0.15,36.0,350.07097038670213,9000.0,8649.929029613299
,,,,,
20000.0,0.15,36.0,1061.0390108057159,9000.0,7938.960989194284
20000.0,0.15,36.0,46.54528319382716,9000.0,8953.454716806173
20000.0,0.15,36.0,6.611663072547059,9000.0,8993.388336927454
,,,,,
20000.0,0.15,36.0,19.02139853420988,9000.0,8980.97860146579
20000.0,0.15,36.0,45.05088052614884,9000.0,8954.949119473851
20000.0,0.15,36.0,1131.9385053896297,9000.0,7868.061494610371
20000.0,0.15,36.0,37.80314619673023,9000.0,8962.19685380327
20000.0,0.15,36.0,221.17432662170967,9000.0,8778.825673378291
20000.0,0.15,36.0,39.22246407166203,9000.0,8960.777535928339
20000.0,0.15,36.0,62.992297847055816,9000.0,8937.007702152945
20000.0,0.15,36.0,33.873267853419605,9000.0,8966.12673214658
20000.0,0.15,36.0,1254.9129528403873,9000.0,7745.087047159613
20000.0,0.15,36.0,71.39790215027338,9000.0,8928.602097849727
20000.0,0.15,36.0,56.496452319866144,9000.0,8943.503547680133
20000.0,0.15,36.0,93.22600423815001,9000.0,8906.77399576185
20000.0,0.15,36.0,29.90826067370385,9000.0,8970.091739326295
20000.0,0.15,36.0,160.8375158211014,9000.0,8839.162484178898
20000.0,0.15,36.0,67.25159280955012,9000.0,8932.74840719045
20000.0,0.15,36.0,41.32598500713148,9000.0,8958.674014992868
,,,,,
20000.0,0.15,36.0,65.65990373267329,9000.0,8934.340096267326
20000.0,0.15,36.0,272.10627140104583,9000.0,8727.893728598954
20000.0,0.15,36.0,91.91622742137211,9000.0,8908.083772578628
20000.0,0.15,36.0,22.304965490661445,9000.0,8977.69503450934
20000.0,0.15,36.0,93.09891082334494,9000.0,8906.901089176656
20000.0,0.15,36.0,151.48648088105588,9000.0,8848.513519118944
20000.0,0.15,36.0,723.8351601851795,9000.0,8276.16483981482
20000.0,0.15,36.0,38.902509568206696,9000.0,8961.097490431794
20000.0,0.15,36.0,60.830981378611206,9000.0,8939.16901862139
20000.0,0.15,36.0,96.27772979351114,9000.0,8903.722270206488
20000.0,0.15,36.0,4.943212412225541,9000.0,8995.056787587775
20000.0,0.15,36.0,150.0179291891507,9000.0,8849.98207081085
20000.0,0.15,36.0,78.65200988770682,9000.0,8921.347990112294
20000.0,0.15,36.0,34.48754741024894,9000.0,8965.512452589752
20000.0,0.15,36.0,322.46304292590906,9000.0,8677.536957074091
20000.0,0.15,36.0,17.62854857270448,9000.0,8982.371451427296
20000.0,0.15,36.0,56.8544124016473,9000.0,8943.145587598352
20000.0,0.15,36.0,68.2181364063378,9000.0,8931.781863593662
20000.0,0.15,36.0,149.85219037197152,9000.0,8850.147809628028
20000.0,0.15,36.0,187.63659477513477,9000.0,8812.363405224865
20000.0,0.15,36.0,699.4231200963899,9000.0,8300.57687990361
20000.0,0.15,36.0,1628.1382186152227,9000.0,7371.861781384778
20000.0,0.15,36.0,113.86388789761413,9000.0,8886.136112102386
20000.0,0.15,36.0,148.71211042023472,9000.0,8851.287889579766
20000.0,0.15,36.0,30.622233352766532,9000.0,8969.377766647234
20000.0,0.15,36.0,23.640328541979468,9000.0,8976.35967145802
20000.0,0.15,36.0,29.28609608940073,9000.0,8970.713903910599
20000.0,0.15,36.0,29.13855293235567,9000.0,8970.861447067644
20000.0,0.15,36.0,74.84133285664613,9000.0,8925.158667143354
20000.0,0.15,36.0,157.0934337573028,9000.0,8842.906566242696
20000.0,0.15,36.0,3.07416944620176,9000.0,8996.925830553799
20000.0,0.15,36.0,5.5837680001278125,9000.0,8994.416231999872
20000.0,0.15,36.0,2.016761830470858,9000.0,8997.983238169529
20000.0,0.15,36.0,234.730665923186,9000.0,8765.269334076815
20000.0,0.15,36.0,11.004193361120002,9000.0,8988.99580663888
,,,,,
20000.0,0.15,36.0,105.8612540684517,9000.0,8894.138745931548
20000.0,0.15,36.0,182.06493668839886,9000.0,8817.935063311601
20000.0,0.15,36.0,256.83133879606055,9000.0,8743.16866120394
20000.0,0.15,36.0,13.255264511481293,9000.0,8986.744735488519
20000.0,0.15,36.0,5.872811278486671,9000.0,8994.127188721513
20000.0,0.15,36.0,16.56947685450087,9000.0,8983.430523145498
20000.0,0.15,36.0,524.8673506661487,9000.0,8475.132649333851
20000.0,0.15,36.0,45.39021495947104,9000.0,8954.60978504053
20000.0,0.15,36.0,85.99645720007867,9000.0,8914.003542799921
20000.0,0.15,36.0,99.26245245979058,9000.0,8900.73754754021
20000.0,0.15,36.0,156.8949707909316,9000.0,8843.105029209068
20000.0,0.15,36.0,75.13518371167763,9000.0,8924.864816288322
20000.0,0.15,36.0,793.5450818316173,9000.0,8206.454918168383
20000.0,0.15,36.0,35.46188413224146,9000.0,8964.53811586776
20000.0,0.15,36.0,557.1171808915616,9000.0,8442.882819108438
20000.0,0.15,36.0,136.43336889017746,9000.0,8863.566631109823
20000.0,0.15,36.0,32.98543674632114,9000.0,8967.014563253679
20000.0,0.15,36.0,97.12644852334917,9000.0,8902.87355147665
20000.0,0.15,36.0,93.71995457810176,9000.0,8906.280045421898
20000.0,0.15,36.0,15.073971547835162,9000.0,8984.926028452164
20000.0,0.15,36.0,257.1173810237772,9000.0,8742.882618976222
20000.0,0.15,36.0,47.16263334320409,9000.0,8952.837366656797
20000.0,0.15,36.0,922.6574813348661,9000.0,8077.342518665134
20000.0,0.15,36.0,188.42178479463732,9000.0,8811.578215205363
20000.0,0.15,36.0,365.72465594055717,9000.0,8634.275344059442
20000.0,0.15,36.0,153.5438198275716,9000.0,8846.456180172429
20000.0,0.15,36.0,55.82019640580093,9000.0,8944.1798035942
20000.0,0.15,36.0,173.5109367717258,9000.0,8826.489063228275
20000.0,0.15,36.0,542.1980125074657,9000.0,8457.801987492534
20000.0,0.15,36.0,45.558846950731265,9000.0,8954.441153049269
20000.0,0.15,36.0,542.873580206808,9000.0,8457.126419793192
20000.0,0.15,36.0,43.30983411145438,9000.0,8956.690165888545
20000.0,0.15,36.0,127.89564339068127,9000.0,8872.10435660932
20000.0,0.15,36.0,85.98472092517869,9000.0,8914.015279074822
20000.0,0.15,36.0,266.3746570138404,9000.0,8733.625342986159
20000.0,0.15,36.0,882.9493606017875,9000.0,8117.050639398212
20000.0,0.15,36.0,113.73564452496302,9000.0,8886.264355475038
20000.0,0.15,36.0,150.0430560248566,9000.0,8849.956943975143
20000.0,0.15,36.0,667.7557045903922,9000.0,8332.244295409608
20000.0,0.15,36.0,98.06390118538877,9000.0,8901.93609881461
20000.0,0.15,36.0,134.92889390399233,9000.0,8865.071106096007
20000.0,0.15,36.0,1.8683995978549102,9000.0,8998.131600402145
20000.0,0.15,36.0,114.33196915296105,9000.0,8885.668030847039
20000.0,0.15,36.0,1056.967941472277,9000.0,7943.032058527723
20000.0,0.15,36.0,18.820639654862347,9000.0,8981.179360345137
20000.0,0.15,36.0,609.7012877999425,9000.0,8390.298712200058
20000.0,0.15,36.0,54.2638067177199,9000.0,8945.73619328228
20000.0,0.15,36.0,115.97908896021492,9000.0,8884.020911039785
20000.0,0.15,36.0,65.50333985990814,9000.0,8934.496660140092
20000.0,0.15,36.0,290.82747301536733,9000.0,8709.172526984632
20000.0,0.15,36.0,547.3536335069093,9000.0,8452.64636649309
20000.0,0.15,36.0,6.339606007362581,9000.0,8993.660393992637
20000.0,0.15,36.0,16.722328043927387,9000.0,8983.277671956073
20000.0,0.15,36.0,28.39780139782084,9000.0,8971.602198602179
20000.0,0.15,36.0,63.181282565907544,9000.0,8936.818717434093
20000.0,0.15,36.0,435.41121140846826,9000.0,8564.588788591533
20000.0,0.15,36.0,10.462716254237925,9000.0,8989.537283745762
20000.0,0.15,36.0,84.02679550423115,9000.0,8915.97320449577
20000.0,0.15,36.0,49.307408358724764,9000.0,8950.692591641275
,,,,,
20000.0,0.15,36.0,13.094351697030808,9000.0,8986.905648302969
20000.0,0.15,36.0,7.010696782607383,9000.0,8992.989303217393
20000.0,0.15,36.0,96.96081999393682,9000.0,8903.039180006062
20000.0,0.15,36.0,213.25463266279294,9000.0,8786.745367337207
20000.0,0.15,36.0,557.9725834843988,9000.0,8442.0274165156
20000.0,0.15,36.0,33.65969592521638,9000.0,8966.340304074783
20000.0,0.15,36.0,41.32562609039845,9000.0,8958.674373909602
20000.0,0.15,36.0,42.36406177290497,9000.0,8957.635938227095
20000.0,0.15,36.0,1463.2482998690557,9000.0,7536.751700130944
20000.0,0.15,36.0,525.2562522849003,9000.0,8474.7437477151
20000.0,0.15,36.0,43.94765017727578,9000.0,8956.052349822725
20000.0,0.15,36.0,97.49394225341668,9000.0,8902.506057746583
20000.0,0.15,36.0,163.4809847097721,9000.0,8836.519015290229
20000.0,0.15,36.0,16.102232934826187,9000.0,8983.897767065173
20000.0,0.15,36.0,7.451598272795438,9000.0,8992.548401727205
20000.0,0.15,36.0,412.04848277206986,9000.0,8587.95151722793
20000.0,0.15,36.0,99.35758396337359,9000.0,8900.642416036626
20000.0,0.15,36.0,422.4835828390978,9000.0,8577.516417160903
20000.0,0.15,36.0,26.68132268884863,9000.0,8973.318677311152
20000.0,0.15,36.0,62.35474919327095,9000.0,8937.645250806729
20000.0,0.15,36.0,222.03493993347985,9000.0,8777.96506006652
20000.0,0.15,36.0,77.07999669179918,9000.0,8922.920003308202
20000.0,0.15,36.0,18.386280098310205,9000.0,8981.61371990169
20000.0,0.15,36.0,13.264714490756422,9000.0,8986.735285509243
20000.0,0.15,36.0,57.17989526868016,9000.0,8942.82010473132
20000.0,0.15,36.0,95.72031171718558,9000.0,8904.279688282815
20000.0,0.15,36.0,154.58881441988223,9000.0,8845.411185580118
20000.0,0.15,36.0,6.800543347821002,9000.0,8993.199456652179
20000.0,0.15,36.0,469.9853587844973,9000.0,8530.014641215503
20000.0,0.15,36.0,190.82801808610577,9000.0,8809.171981913894
20000.0,0.15,36.0,1738.7155833063039,9000.0,7261.284416693696
20000.0,0.15,36.0,76.18231093980849,9000.0,8923.817689060192
20000.0,0.15,36.0,64.09134331429486,9000.0,8935.908656685706
20000.0,0.15,36.0,1575.0593278830872,9000.0,7424.9406721169125
20000.0,0.15,36.0,65.75595583306527,9000.0,8934.244044166935
20000.0,0.15,36.0,8.192647966547865,9000.0,8991.807352033453
20000.0,0.15,36.0,476.1499877110954,9000.0,8523.850012288905
20000.0,0.15,36.0,38.26233714238839,9000.0,8961.737662857611
20000.0,0.15,36.0,757.1739890452565,9000.0,8242.826010954743
20000.0,0.15,36.0,376.0871914776132,9000.0,8623.912808522387
20000.0,0.15,36.0,19.87613779515014,9000.0,8980.12386220485
20000.0,0.15,36.0,29.396805865202598,9000.0,8970.603194134797
20000.0,0.15,36.0,216.96498838213043,9000.0,8783.035011617869
20000.0,0.15,36.0,240.76207454721774,9000.0,8759.237925452782
20000.0,0.15,36.0,106.5188461082497,9000.0,8893.481153891751
20000.0,0.15,36.0,208.27605334596433,9000.0,8791.723946654036
,,,,,
20000.0,0.15,36.0,483.73961189355623,9000.0,8516.260388106444
20000.0,0.15,36.0,108.61417816083694,9000.0,8891.385821839163
20000.0,0.15,36.0,94.31217355659551,9000.0,8905.687826443405
20000.0,0.15,36.0,715.751608680121,9000.0,8284.24839131988
20000.0,0.15,36.0,447.41684314905984,9000.0,8552.58315685094
20000.0,0.15,36.0,5.882603452509879,9000.0,8994.11739654749
20000.0,0.15,36.0,390.63934484844935,9000.0,8609.360655151551
20000.0,0.15,36.0,34.386249453783904,9000.0,8965.613750546216
20000.0,0.15,36.0,64.81569829107829,9000.0,8935.184301708921
20000.0,0.15,36.0,75.00243820780223,9000.0,8924.997561792197
20000.0,0.15,36.0,90.37765380254586,9000.0,8909.622346197455
20000.0,0.15,36.0,8.950890494168942,9000.0,8991.049109505831
20000.0,0.15,36.0,96.03367853208873,9000.0,8903.966321467911
20000.0,0.15,36.0,732.9106535407972,9000.0,8267.089346459203
20000.0,0.15,36.0,138.4057231634599,9000.0,8861.59427683654
20000.0,0.15,36.0,46.586485698764335,9000.0,8953.413514301235
20000.0,0.15,36.0,216.33697141742107,9000.0,8783.66302858258
20000.0,0.15,36.0,241.2636396265526,9000.0,8758.736360373447
20000.0,0.15,36.0,458.88844503908695,9000.0,8541.111554960913
20000.0,0.15,36.0,1368.6283449157097,9000.0,7631.37165508429
20000.0,0.15,36.0,175.55828316159466,9000.0,8824.441716838406
20000.0,0.15,36.0,289.49460567289975,9000.0,8710.5053943271
20000.0,0.15,36.0,257.0220112480256,9000.0,8742.977988751974
20000.0,0.15,36.0,54.3373432894194,9000.0,8945.662656710581
20000.0,0.15,36.0,84.01269468585387,9000.0,8915.987305314145
20000.0,0.15,36.0,342.2086113022116,9000.0,8657.791388697788
20000.0,0.15,36.0,121.7322470318383,9000.0,8878.267752968162
20000.0,0.15,36.0,290.69198247934156,9000.0,8709.308017520658
20000.0,0.15,36.0,4.751774185912767,9000.0,8995.248225814088
20000.0,0.15,36.0,298.49730504197964,9000.0,8701.50269495802
20000.0,0.15,36.0,1302.9772356696658,9000.0,7697.022764330334
20000.0,0.15,36.0,561.8381385355834,9000.0,8438.161861464416
20000.0,0.15,36.0,110.88367872296486,9000.0,8889.116321277035
20000.0,0.15,36.0,77.33436280515143,9000.0,8922.665637194848
20000.0,0.15,36.0,73.48334932254645,9000.0,8926.516650677453
20000.0,0.15,36.0,117.64866789396028,9000.0,8882.35133210604
20000.0,0.15,36.0,193.95475194345426,9000.0,8806.045248056545
20000.0,0.15,36.0,50.44897152749278,9000.0,8949.551028472508
20000.0,0.15,36.0,33.7566976353708,9000.0,8966.24330236463
20000.0,0.15,36.0,147.2502993050365,9000.0,8852.749700694963
20000.0,0.15,36.0,121.67240204394399,9000.0,8878.327597956057
20000.0,0.15,36.0,106.4397350642598,9000.0,8893.56026493574
20000.0,0.15,36.0,595.098297323613,9000.0,8404.901702676387
20000.0,0.15,36.0,241.92490958435624,9000.0,8758.075090415643
20000.0,0.15,36.0,846.2453537065404,9000.0,8153.75464629346
20000.0,0.15,36.0,83.45201738111889,9000.0,8916.54798261888
20000.0,0.15,36.0,521.3907816914677,9000.0,8478.609218308533
20000.0,0.15,36.0,194.56172205338643,9000.0,8805.438277946614
20000.0,0.15,36.0,215.07356464361334,9000.0,8784.926435356387
20000.0,0.15,36.0,229.77747609333773,9000.0,8770.222523906663
20000.0,0.15,36.0,97.58307167971857,9000.0,8902.416928320281
20000.0,0.15,36.0,16.383006607616966,9000.0,8983.616993392383
20000.0,0.15,36.0,270.87940316771534,9000.0,8729.120596832285
20000.0,0.15,36.0,93.73787941964282,9000.0,8906.262120580357
20000.0,0.15,36.0,1029.6887517078587,9000.0,7970.3112482921415
20000.0,0.15,36.0,233.8654995079377,9000.0,8766.134500492062
20000.0,0.15,36.0,40.96618947246499,9000.0,8959.033810527535
20000.0,0.15,36.0,282.6287122365355,9000.0,8717.371287763464
20000.0,0.15,36.0,240.60287201069988,9000.0,8759.3971279893
20000.0,0.15,36.0,39.46775497868792,9000.0,8960.532245021312
20000.0,0.15,36.0,12.906032446306506,9000.0,8987.093967553694
20000.0,0.15,36.0,11.55920148869645,9000.0,8988.440798511303
20000.0,0.15,36.0,42.78723447902268,9000.0,8957.212765520977
20000.0,0.15,36.0,41.09927995188051,9000.0,8958.90072004812
20000.0,0.15,36.0,125.67068684488794,9000.0,8874.329313155113
20000.0,0.15,36.0,239.41925509151167,9000.0,8760.580744908488
20000.0,0.15,36.0,165.20671920560318,9000.0,8834.793280794396
20000.0,0.15,36.0,10.615519434466618,9000.0,8989.384480565534
20000.0,0.15,36.0,612.1678751610648,9000.0,8387.832124838935
20000.0,0.15,36.0,120.50423598522181,9000.0,8879.495764014779
20000.0,0.15,36.0,39.21885793978493,9000.0,8960.781142060216
20000.0,0.15,36.0,159.37342327542706,9000.0,8840.626576724573
20000.0,0.15,36.0,237.36290788932442,9000.0,8762.637092110675
20000.0,0.15,36.0,210.84703788370734,9000.0,8789.152962116292
20000.0,0.15,36.0,214.83805650073757,9000.0,8785.161943499263
20000.0,0.15,36.0,103.73618482687954,9000.0,8896.26381517312
,,,,,
20000.0,0.15,36.0,98.70634428123913,9000.0,8901.29365571876
20000.0,0.15,36.0,626.9841001043069,9000.0,8373.015899895694
20000.0,0.15,36.0,513.4017526907527,9000.0,8486.598247309248
20000.0,0.15,36.0,81.73770276045249,9000.0,8918.262297239547
20000.0,0.15,36.0,121.38585226854356,9000.0,8878.614147731456
20000.0,0.15,36.0,122.6956188618883,9000.0,8877.304381138112
20000.0,0.15,36.0,234.5591624181105,9000.0,8765.44083758189
20000.0,0.15,36.0,419.51064149553196,9000.0,8580.489358504468
20000.0,0.15,36.0,445.994273760494,9000.0,8554.005726239506
20000.0,0.15,36.0,13.334692706783107,9000.0,8986.665307293217
20000.0,0.15,36.0,43.32696611625348,9000.0,8956.673033883746
20000.0,0.15,36.0,153.94455492374175,9000.0,8846.055445076257
20000.0,0.15,36.0,31.807674002706193,9000.0,8968.192325997294
20000.0,0.15,36.0,27.33082192109527,9000.0,8972.669178078904
20000.0,0.15,36.0,698.1192871522325,9000.0,8301.880712847767
20000.0,0.15,36.0,327.4379099543142,9000.0,8672.562090045685
20000.0,0.15,36.0,11.00540934260849,9000.0,8988.994590657392
20000.0,0.15,36.0,197.45324784432066,9000.0,8802.54675215568
20000.0,0.15,36.0,74.70954024133768,9000.0,8925.290459758662
20000.0,0.15,36.0,237.66271225533737,9000.0,8762.337287744662
20000.0,0.15,36.0,4.528260187698293,9000.0,8995.471739812301
20000.0,0.15,36.0,1643.1679401002998,9000.0,7356.8320598997
20000.0,0.15,36.0,58.31750730924592,9000.0,8941.682492690754
20000.0,0.15,36.0,320.85029985654796,9000.0,8679.149700143453
20000.0,0.15,36.0,164.15962991800163,9000.0,8835.840370081998
20000.0,0.15,36.0,155.14575404272696,9000.0,8844.854245957273
20000.0,0.15,36.0,51.64365574084496,9000.0,8948.356344259155
20000.0,0.15,36.0,24.690293046895547,9000.0,8975.309706953105
20000.0,0.15,36.0,88.83485902805987,9000.0,8911.16514097194
20000.0,0.15,36.0,396.41515968691425,9000.0,8603.584840313086
20000.0,0.15,36.0,1601.6916960031149,9000.0,7398.308303996885
20000.0,0.15,36.0,31.168014823900908,9000.0,8968.831985176099
20000.0,0.15,36.0,250.98192056126268,9000.0,8749.018079438738
20000.0,0.15,36.0,78.27239933295385,9000.0,8921.727600667045
20000.0,0.15,36.0,396.01682927059784,9000.0,8603.983170729402
20000.0,0.15,36.0,150.39903290118843,9000.0,8849.600967098811
20000.0,0.15,36.0,385.8385964613348,9000.0,8614.161403538665
20000.0,0.15,36.0,678.1375080154079,9000.0,8321.862491984592
20000.0,0.15,36.0,6.916626914680614,9000.0,8993.08337308532
20000.0,0.15,36.0,816.7111410413926,9000.0,8183.288858958607
20000.0,0.15,36.0,101.81030408962066,9000.0,8898.18969591038
20000.0,0.15,36.0,444.3129480061368,9000.0,8555.687051993864
20000.0,0.15,36.0,955.4058285226508,9000.0,8044.594171477349
20000.0,0.15,36.0,435.5015295450349,9000.0,8564.498470454964
20000.0,0.15,36.0,294.8836663858809,9000.0,8705.11633361412
20000.0,0.15,36.0,55.885438079049734,9000.0,8944.114561920951
20000.0,0.15,36.0,37.299362056782755,9000.0,8962.700637943217
20000.0,0.15,36.0,109.91587238871175,9000.0,8890.084127611288
20000.0,0.15,36.0,62.62522766114787,9000.0,8937.374772338851
20000.0,0.15,36.0,311.4912722115159,9000.0,8688.508727788485
20000.0,0.15,36.0,362.7439809292464,9000.0,8637.256019070754
20000.0,0.15,36.0,374.61056277204204,9000.0,8625.389437227957
20000.0,0.15,36.0,755.7087516537555,9000.0,8244.291248346244
20000.0,0.15,36.0,158.88271469917925,9000.0,8841.117285300821
20000.0,0.15,36.0,14.462338360247683,9000.0,8985.537661639752
20000.0,0.15,36.0,65.23598819943909,9000.0,8934.76401180056
20000.0,0.15,36.0,1792.9945814776497,9000.0,7207.005418522351
20000.0,0.15,36.0,4.730199554427591,9000.0,8995.269800445572
20000.0,0.15,36.0,380.01529957340733,9000.0,8619.984700426592
20000.0,0.15,36.0,108.69981263826071,9000.0,8891.30018736174
20000.0,0.15,36.0,52.36684646620781,9000.0,8947.633153533792
20000.0,0.15,36.0,1490.4122000133937,9000.0,7509.587799986606
20000.0,0.15,36.0,704.3677076312708,9000.0,8295.63229236873
20000.0,0.15,36.0,54.58630478438802,9000.0,8945.413695215611
20000.0,0.15,36.0,89.78693329971313,9000.0,8910.213066700288
20000.0,0.15,36.0,16.9422409547731,9000.0,8983.057759045227
20000.0,0.15,36.0,54.90978267180244,9000.0,8945.090217328197
20000.0,0.15,36.0,522.0394781013576,9000.0,8477.960521898642
20000.0,0.15,36.0,1407.6000011309293,9000.0,7592.39999886907
20000.0,0.15,36.0,1015.0228684771901,9000.0,7984.97713152281
20000.0,0.15,36.0,10.038083103034245,9000.0,8989.961916896966
20000.0,0.15,36.0,425.07928978064854,9000.0,8574.920710219352
20000.0,0.15,36.0,8.242983160726702,9000.0,8991.757016839274
20000.0,0.15,36.0,59.30915375922534,9000.0,8940.690846240775
20000.0,0.15,36.0,116.4441029232963,9000.0,8883.555897076703
20000.0,0.15,36.0,103.02810733890742,9000.0,8896.971892661093
20000.0,0.15,36.0,202.12210809655343,9000.0,8797.877891903447
20000.0,0.15,36.0,64.92088252198151,9000.0,8935.079117478019
20000.0,0.15,36.0,44.88254898964349,9000.0,8955.117451010357
20000.0,0.15,36.0,4.860835283118198,9000.0,8995.139164716882
20000.0,0.15,36.0,7.328747768481444,9000.0,8992.67125223152
20000.0,0.15,36.0,22.529041186607323,9000.0,8977.470958813392
20000.0,0.15,36.0,66.25260240397554,9000.0,8933.747397596024
20000.0,0.15,36.0,497.62083047882453,9000.0,8502.379169521175
20000.0,0.15,36.0,20.56872757901641,9000.0,8979.431272420983
20000.0,0.15,36.0,573.1112592181724,9000.0,8426.888740781827
20000.0,0.15,36.0,112.73226308142434,9000.0,8887.267736918575
20000.0,0.15,36.0,516.5422636438466,9000.0,8483.457736356153
20000.0,0.15,36.0,191.15254145571913,9000.0,8808.84745854428
20000.0,0.15,36.0,472.11413252801316,9000.0,8527.885867471987
20000.0,0.15,36.0,474.4916347908068,9000.0,8525.508365209193
20000.0,0.15,36.0,722.7217884157564,9000.0,8277.278211584244
20000.0,0.15,36.0,138.11964460030745,9000.0,8861.880355399693
20000.0,0.15,36.0,52.133872740795645,9000.0,8947.866127259203
20000.0,0.15,36.0,8.457033387725552,9000.0,8991.542966612275
20000.0,0.15,36.0,178.69167588586615,9000.0,8821.308324114134
20000.0,0.15,36.0,12.438100841414219,9000.0,8987.561899158585
20000.0,0.15,36.0,30.26987446206871,9000.0,8969.730125537932
20000.0,0.15,36.0,693.2214269031024,9000.0,8306.778573096897
20000.0,0.15,36.0,38.680684678099105,9000.0,8961.319315321902
20000.0,0.15,36.0,11.723991783058565,9000.0,8988.27600821694
20000.0,0.15,36.0,22.53550459454803,9000.0,8977.464495405451
20000.0,0.15,36.0,32.80819943852291,9000.0,8967.191800561477
20000.0,0.15,36.0,992.2218214952477,9000.0,8007.778178504752
20000.0,0.15,36.0,74.70608507338032,9000.0,8925.29391492662
20000.0,0.15,36.0,97.21297041421863,9000.0,8902.787029585781
20000.0,0.15,36.0,156.27123902853927,9000.0,8843.72876097146
20000.0,0.15,36.0,11.388805099596933,9000.0,8988.611194900403
20000.0,0.15,36.0,290.4605356160031,9000.0,8709.539464383997
20000.0,0.15,36.0,2.2334016282462357,9000.0,8997.766598371754
20000.0,0.15,36.0,0.4002932844237603,9000.0,8999.599706715577
20000.0,0.15,36.0,678.1477219035083,9000.0,8321.852278096492
,,,,,
20000.0,0.15,36.0,25.649623822592268,9000.0,8974.350376177408
20000.0,0.15,36.0,329.16128713856193,9000.0,8670.838712861438
20000.0,0.15,36.0,726.1244806914299,9000.0,8273.87551930857
20000.0,0.15,36.0,54.19762787534835,9000.0,8945.802372124652
20000.0,0.15,36.0,43.47297172172282,9000.0,8956.527028278277
20000.0,0.15,36.0,37.90660538315293,9000.0,8962.093394616848
20000.0,0.15,36.0,1156.4723650146725,9000.0,7843.5276349853275
,,,,,
20000.0,0.15,36.0,641.586150038741,9000.0,8358.413849961258
20000.0,0.15,36.0,37.338433557534294,9000.0,8962.661566442466
20000.0,0.15,36.0,586.7947158357873,9000.0,8413.205284164213
20000.0,0.15,36.0,554.9067146482253,9000.0,8445.093285351775
20000.0,0.15,36.0,93.42600600290416,9000.0,8906.573993997095
20000.0,0.15,36.0,23.301972799960005,9000.0,8976.69802720004
20000.0,0.15,36.0,274.2306583570248,9000.0,8725.769341642976
20000.0,0.15,36.0,224.46546490463575,9000.0,8775.534535095365
20000.0,0.15,36.0,292.6847239073179,9000.0,8707.315276092682
20000.0,0.15,36.0,509.9540963560321,9000.0,8490.045903643968
20000.0,0.15,36.0,52.67744809403112,9000.0,8947.322551905969
20000.0,0.15,36.0,13.636282948689573,9000.0,8986.36371705131
20000.0,0.15,36.0,6.580006287361824,9000.0,8993.419993712638
20000.0,0.15,36.0,59.23997208610798,9000.0,8940.760027913891
20000.0,0.15,36.0,114.19328132792076,9000.0,8885.80671867208
20000.0,0.15,36.0,19.930511469305166,9000.0,8980.069488530695
20000.0,0.15,36.0,518.7604082530104,9000.0,8481.23959174699
20000.0,0.15,36.0,72.40836273372862,9000.0,8927.59163726627
20000.0,0.15,36.0,203.5329228264425,9000.0,8796.467077173558
20000.0,0.15,36.0,9.7642283670897,9000.0,8990.23577163291
20000.0,0.15,36.0,9.24157922981398,9000.0,8990.758420770186
20000.0,0.15,36.0,23.649377932066987,9000.0,8976.350622067934
20000.0,0.15,36.0,41.955001224037304,9000.0,8958.044998775962
20000.0,0.15,36.0,69.67170293582713,9000.0,8930.328297064172
20000.0,0.15,36.0,421.6945155159471,9000.0,8578.305484484054
20000.0,0.15,36.0,179.68460481155415,9000.0,8820.315395188445
20000.0,0.15,36.0,450.49176570279604,9000.0,8549.508234297204
20000.0,0.15,36.0,48.77878406013543,9000.0,8951.221215939864
20000.0,0.15,36.0,54.07781245175849,9000.0,8945.922187548242
20000.0,0.15,36.0,1145.272809707859,9000.0,7854.727190292141
20000.0,0.15,36.0,3.241029140924472,9000.0,8996.758970859075
20000.0,0.15,36.0,87.42938366379312,9000.0,8912.570616336207
20000.0,0.15,36.0,13.63585386469764,9000.0,8986.364146135302
20000.0,0.15,36.0,255.36512019913434,9000.0,8744.634879800866
20000.0,0.15,36.0,1696.8374043995366,9000.0,7303.162595600464
20000.0,0.15,36.0,5.093410355680703,9000.0,8994.906589644319
20000.0,0.15,36.0,32.4282459623952,9000.0,8967.571754037604
20000.0,0.15,36.0,88.53973671341666,9000.0,8911.460263286583
20000.0,0.15,36.0,69.91584830915231,9000.0,8930.084151690848
20000.0,0.15,36.0,121.80385583442731,9000.0,8878.196144165573
20000.0,0.15,36.0,409.6715927123956,9000.0,8590.328407287605
20000.0,0.15,36.0,29.630941444411903,9000.0,8970.369058555589
20000.0,0.15,36.0,486.9853469173714,9000.0,8513.014653082628
20000.0,0.15,36.0,197.27017429883622,9000.0,8802.729825701164
20000.0,0.15,36.0,12.621034146943487,9000.0,8987.378965853057
20000.0,0.15,36.0,71.3689473865852,9000.0,8928.631052613415
20000.0,0.15,36.0,393.2612167304505,9000.0,8606.73878326955
20000.0,0.15,36.0,174.16561560315466,9000.0,8825.834384396845
20000.0,0.15,36.0,73.6863176877435,9000.0,8926.313682312257
20000.0,0.15,36.0,53.97794471940677,9000.0,8946.022055280593
20000.0,0.15,36.0,24.029273983040586,9000.0,8975.97072601696
20000.0,0.15,36.0,1523.0767799330845,9000.0,7476.923220066916
,,,,,
20000.0,0.15,36.0,35.05910975420614,9000.0,8964.940890245794
20000.0,0.15,36.0,83.47874423931587,9000.0,8916.521255760685
20000.0,0.15,36.0,4.002549080371551,9000.0,8995.997450919629
20000.0,0.15,36.0,99.7370481316129,9000.0,8900.262951868388
20000.0,0.15,36.0,91.1697775248048,9000.0,8908.830222475195
20000.0,0.15,36.0,60.39237056011693,9000.0,8939.607629439883
20000.0,0.15,36.0,25.334287498342793,9000.0,8974.665712501657
20000.0,0.15,36.0,57.35045615219807,9000.0,8942.649543847801
20000.0,0.15,36.0,22.544742546170305,9000.0,8977.45525745383
20000.0,0.15,36.0,54.58182211010095,9000.0,8945.418177889898
20000.0,0.15,36.0,91.44144921222671,9000.0,8908.558550787773
20000.0,0.15,36.0,53.05507815616472,9000.0,8946.944921843835
20000.0,0.15,36.0,502.9771120112349,9000.0,8497.022887988765
20000.0,0.15,36.0,9.493378249971638,9000.0,8990.506621750028
20000.0,0.15,36.0,559.587429959775,9000.0,8440.412570040226
20000.0,0.15,36.0,963.272342270807,9000.0,8036.727657729193
20000.0,0.15,36.0,28.94834598867694,9000.0,8971.051654011322
20000.0,0.15,36.0,4.381464843331671,9000.0,8995.61853515667
20000.0,0.15,36.0,806.3847507887588,9000.0,8193.615249211241
20000.0,0.15,36.0,376.4385062863929,9000.0,8623.561493713607
20000.0,0.15,36.0,17.582468409527465,9000.0,8982.417531590472
20000.0,0.15,36.0,16.15683024356587,9000.0,8983.843169756434
20000.0,0.15,36.0,469.1011397302645,9000.0,8530.898860269735
20000.0,0.15,36.0,554.5853479680134,9000.0,8445.414652031986
20000.0,0.15,36.0,1410.2729573161464,9000.0,7589.727042683853
20000.0,0.15,36.0,1951.3084698599032,9000.0,7048.691530140097
20000.0,0.15,36.0,14.612431985466563,9000.0,8985.387568014534
20000.0,0.15,36.0,12.978948367233292,9000.0,8987.021051632766
,,,,,
20000.0,0.15,36.0,295.0918753166266,9000.0,8704.908124683374
20000.0,0.15,36.0,87.28907364777824,9000.0,8912.710926352222
20000.0,0.15,36.0,192.08407455798923,9000.0,8807.91592544201
20000.0,0.15,36.0,688.3303091122082,9000.0,8311.669690887791
20000.0,0.15,36.0,30.125906925339773,9000.0,8969.87409307466
20000.0,0.15,36.0,241.22076137217158,9000.0,8758.779238627829
20000.0,0.15,36.0,317.46633951087307,9000.0,8682.533660489127
20000.0,0.15,36.0,890.3206176960729,9000.0,8109.679382303927
20000.0,0.15,36.0,636.589845926593,9000.0,8363.410154073406
20000.0,0.15,36.0,934.6177009111013,9000.0,8065.382299088898
20000.0,0.15,36.0,937.2292841852044,9000.0,8062.770715814796
20000.0,0.15,36.0,59.45146316549607,9000.0,8940.548536834503
20000.0,0.15,36.0,285.0923889140844,9000.0,8714.907611085915
,,,,,
20000.0,0.15,36.0,32.526636606130985,9000.0,8967.473363393869
20000.0,0.15,36.0,256.2846979010578,9000.0,8743.715302098943
20000.0,0.15,36.0,339.9607326256743,9000.0,8660.039267374326
20000.0,0.15,36.0,20.944051752525105,9000.0,8979.055948247475
20000.0,0.15,36.0,0.6095122916207846,9000.0,8999.390487708379
20000.0,0.15,36.0,46.62306960626938,9000.0,8953.37693039373
20000.0,0.15,36.0,97.18412693552185,9000.0,8902.815873064477
20000.0,0.15,36.0,687.8261866964714,9000.0,8312.173813303529
20000.0,0.15,36.0,111.99481212735617,9000.0,8888.005187872644
20000.0,0.15,36.0,147.45845269518435,9000.0,8852.541547304816
20000.0,0.15,36.0,28.4880647421629,9000.0,8971.511935257837
20000.0,0.15,36.0,660.3069259907222,9000.0,8339.693074009278
20000.0,0.15,36.0,93.44456267314749,9000.0,8906.555437326853
20000.0,0.15,36.0,123.58250448554634,9000.0,8876.417495514454
20000.0,0.15,36.0,206.0357683326079,9000.0,8793.964231667393
20000.0,0.15,36.0,65.47880496516456,9000.0,8934.521195034835
20000.0,0.15,36.0,14.133237989191946,9000.0,8985.866762010808
20000.0,0.15,36.0,196.08623756725012,9000.0,8803.91376243275
20000.0,0.15,36.0,4.855453437172342,9000.0,8995.144546562828
20000.0,0.15,36.0,32.42690017877103,9000.0,8967.57309982123
20000.0,0.15,36.0,265.10425241114865,9000.0,8734.895747588851
20000.0,0.15,36.0,862.4997404264217,9000.0,8137.500259573579
20000.0,0.15,36.0,58.20023738375873,9000.0,8941.799762616241
20000.0,0.15,36.0,7.895209111123206,9000.0,8992.104790888878
20000.0,0.15,36.0,47.29787312947319,9000.0,8952.702126870527
20000.0,0.15,36.0,1226.3928171868135,9000.0,7773.607182813186
20000.0,0.15,36.0,57.51209170535244,9000.0,8942.487908294648
20000.0,0.15,36.0,38.8069418798485,9000.0,8961.193058120152
20000.0,0.15,36.0,119.2501318847713,9000.0,8880.749868115228
20000.0,0.15,36.0,411.1859678443917,9000.0,8588.814032155607
20000.0,0.15,36.0,177.42403087838977,9000.0,8822.57596912161
20000.0,0.15,36.0,102.3941388518847,9000.0,8897.605861148115
20000.0,0.15,36.0,201.2414552387154,9000.0,8798.758544761284
20000.0,0.15,36.0,1043.3633070739997,9000.0,7956.636692926
20000.0,0.15,36.0,4.216597711835511,9000.0,8995.783402288165
20000.0,0.15,36.0,124.39752500207756,9000.0,8875.602474997922
20000.0,0.15,36.0,140.7563735030504,9000.0,8859.24362649695
20000.0,0.15,36.0,390.0987344303831,9000.0,8609.901265569617
20000.0,0.15,36.0,6.261800744239304,9000.0,8993.73819925576
20000.0,0.15,36.0,63.825914196241534,9000.0,8936.17408580376
20000.0,0.15,36.0,15.026060417293358,9000.0,8984.973939582707
20000.0,0.15,36.0,524.7455236804639,9000.0,8475.254476319536
20000.0,0.15,36.0,59.07633020951917,9000.0,8940.923669790482
20000.0,0.15,36.0,207.78109752343553,9000.0,8792.218902476565
20000.0,0.15,36.0,278.10940311741945,9000.0,8721.89059688258
20000.0,0.15,36.0,121.32586040513193,9000.0,8878.674139594868
20000.0,0.15,36.0,15.343780040445704,9000.0,8984.656219959554
20000.0,0.15,36.0,13.30156530797046,9000.0,8986.698434692029
20000.0,0.15,36.0,286.53638104870646,9000.0,8713.463618951293
20000.0,0.15,36.0,110.49499340802075,9000.0,8889.505006591979
20000.0,0.15,36.0,36.75125666860629,9000.0,8963.248743331395
20000.0,0.15,36.0,209.16348208438808,9000.0,8790.836517915612
20000.0,0.15,36.0,126.7528968172623,9000.0,8873.247103182737
20000.0,0.15,36.0,96.38789987086861,9000.0,8903.612100129132
,,,,,
20000.0,0.15,36.0,789.5085919115777,9000.0,8210.491408088423
20000.0,0.15,36.0,455.67167764756704,9000.0,8544.328322352432
20000.0,0.15,36.0,324.0085228802279,9000.0,8675.991477119773
20000.0,0.15,36.0,25.67774378289296,9000.0,8974.322256217107
20000.0,0.15,36.0,315.1266686030562,9000.0,8684.873331396944
20000.0,0.15,36.0,436.8270146237779,9000.0,8563.172985376223
20000.0,0.15,36.0,9.427294303067052,9000.0,8990.572705696934
20000.0,0.15,36.0,50.26878835925322,9000.0,8949.731211640747
20000.0,0.15,36.0,274.41616852343867,9000.0,8725.58383147656
20000.0,0.15,36.0,1.0768627588615591,9000.0,8998.923137241138
20000.0,0.15,36.0,62.053007203121766,9000.0,8937.946992796878
20000.0,0.15,36.0,873.97310028581,9000.0,8126.02689971419
20000.0,0.15,36.0,177.63786316880964,9000.0,8822.36213683119
20000.0,0.15,36.0,51.97704320844395,9000.0,8948.022956791556
20000.0,0.15,36.0,79.61233432174856,9000.0,8920.387665678252
20000.0,0.15,36.0,7.973994624452776,9000.0,8992.026005375546
20000.0,0.15,36.0,63.058977057860695,9000.0,8936.94102294214
20000.0,0.15,36.0,68.90265349560045,9000.0,8931.097346504399
20000.0,0.15,36.0,137.70861571075875,9000.0,8862.291384289241
20000.0,0.15,36.0,1033.46491744946,9000.0,7966.53508255054
20000.0,0.15,36.0,174.59345954172818,9000.0,8825.406540458273
20000.0,0.15,36.0,37.684520875320864,9000.0,8962.31547912468
20000.0,0.15,36.0,353.55888228178026,9000.0,8646.44111771822
20000.0,0.15,36.0,912.6022224055828,9000.0,8087.397777594417
20000.0,0.15,36.0,315.0005374995652,9000.0,8684.999462500435
20000.0,0.15,36.0,20.276823599092683,9000.0,8979.723176400907
20000.0,0.15,36.0,214.4423152444898,9000.0,8785.55768475551
,,,,,
20000.0,0.15,36.0,1.5901183349517567,9000.0,8998.409881665048
,,,,,
20000.0,0.15,36.0,521.615874439131,9000.0,8478.38412556087
20000.0,0.15,36.0,487.2370036821135,9000.0,8512.762996317886
20000.0,0.15,36.0,205.53134905281053,9000.0,8794.46865094719
20000.0,0.15,36.0,295.058653475626,9000.0,8704.941346524374
20000.0,0.15,36.0,309.1128351107771,9000.0,8690.887164889224
20000.0,0.15,36.0,131.63948495778328,9000.0,8868.360515042217
20000.0,0.15,36.0,1099.6054649896835,9000.0,7900.394535010317
20000.0,0.15,36.0,90.38747549562065,9000.0,8909.612524504379
20000.0,0.15,36.0,234.57150601743442,9000.0,8765.428493982565
,,,,,
20000.0,0.15,36.0,19.06760882025465,9000.0,8980.932391179746
20000.0,0.15,36.0,289.48245258391484,9000.0,8710.517547416086
20000.0,0.15,36.0,193.30419960643073,9000.0,8806.695800393569
20000.0,0.15,36.0,150.90035409362278,9000.0,8849.099645906377
20000.0,0.15,36.0,40.53371914838929,9000.0,8959.466280851611
20000.0,0.15,36.0,1.6182142098522492,9000.0,8998.381785790149
20000.0,0.15,36.0,150.20117173485696,9000.0,8849.798828265142
20000.0,0.15,36.0,684.00670145022,9000.0,8315.99329854978
20000.0,0.15,36.0,59.40979647359776,9000.0,8940.590203526403
20000.0,0.15,36.0,178.86603777993193,9000.0,8821.133962220068
20000.0,0.15,36.0,1001.8737755941456,9000.0,7998.126224405854
20000.0,0.15,36.0,12.71403024972359,9000.0,8987.285969750277
20000.0,0.15,36.0,79.58502911796569,9000.0,8920.414970882035
20000.0,0.15,36.0,21.5536920940778,9000.0,8978.446307905922
20000.0,0.15,36.0,5.312771106762739,9000.0,8994.687228893237
20000.0,0.15,36.0,24.424652311098413,9000.0,8975.575347688902
20000.0,0.15,36.0,136.29962761511942,9000.0,8863.700372384881
20000.0,0.15,36.0,1576.2407511334407,9000.0,7423.75924886656
20000.0,0.15,36.0,960.7614395242831,9000.0,8039.238560475716
20000.0,0.15,36.0,118.75058661145185,9000.0,8881.249413388548
20000.0,0.15,36.0,414.319387501139,9000.0,8585.680612498862
20000.0,0.15,36.0,85.38608042022979,9000.0,8914.61391957977
20000.0,0.15,36.0,287.352251861719,9000.0,8712.64774813828
20000.0,0.15,36.0,119.5720749248958,9000.0,8880.427925075104
20000.0,0.15,36.0,597.4905378502647,9000.0,8402.509462149736
20000.0,0.15,36.0,1923.0882759105998,9000.0,7076.9117240894
20000.0,0.15,36.0,314.65951277481463,9000.0,8685.340487225185
20000.0,0.15,36.0,29.176319965580667,9000.0,8970.823680034418
20000.0,0.15,36.0,193.56477422915984,9000.0,8806.43522577084
20000.0,0.15,36.0,37.01891547704,9000.0,8962.98108452296
20000.0,0.15,36.0,709.3302163798012,9000.0,8290.669783620198
20000.0,0.15,36.0,246.44656276256555,9000.0,8753.553437237435
20000.0,0.15,36.0,59.228100146123495,9000.0,8940.771899853877
20000.0,0.15,36.0,505.5724328333683,9000.0,8494.427567166631
20000.0,0.15,36.0,143.7093895995521,9000.0,8856.290610400449
20000.0,0.15,36.0,25.286144926423646,9000.0,8974.713855073576
20000.0,0.15,36.0,65.3083174139625,9000.0,8934.691682586037
20000.0,0.15,36.0,130.00256578462395,9000.0,8869.997434215376
20000.0,0.15,36.0,70.59853709473093,9000.0,8929.401462905269
20000.0,0.15,36.0,245.87817413529075,9000.0,8754.12182586471
20000.0,0.15,36.0,303.50844401433,9000.0,8696.49155598567
20000.0,0.15,36.0,244.44921574251526,9000.0,8755.550784257484
20000.0,0.15,36.0,43.04800700183329,9000.0,8956.951992998167
20000.0,0.15,36.0,431.64205384881905,9000.0,8568.357946151182
20000.0,0.15,36.0,112.4770233499991,9000.0,8887.522976650002
20000.0,0.15,36.0,1633.1191732363995,9000.0,7366.8808267636
20000.0,0.15,36.0,211.87542018986846,9000.0,8788.124579810132
20000.0,0.15,36.0,55.843826338705135,9000.0,8944.156173661295
20000.0,0.15,36.0,22.649409578575664,9000.0,8977.350590421423
20000.0,0.15,36.0,105.88270863257283,9000.0,8894.117291367427
20000.0,0.15,36.0,102.49533035603417,9000.0,8897.504669643966
20000.0,0.15,36.0,174.5244922869313,9000.0,8825.475507713069
20000.0,0.15,36.0,365.3843777333583,9000.0,8634.615622266641
20000.0,0.15,36.0,1395.3612933878949,9000.0,7604.638706612105
20000.0,0.15,36.0,197.16562309705213,9000.0,8802.834376902947
20000.0,0.15,36.0,1738.0674950422172,9000.0,7261.932504957783
20000.0,0.15,36.0,13.527333634589006,9000.0,8986.472666365411
20000.0,0.15,36.0,264.30492396646264,9000.0,8735.695076033537
20000.0,0.15,36.0,576.0835715117179,9000.0,8423.916428488283
20000.0,0.15,36.0,33.19163670199522,9000.0,8966.808363298005
20000.0,0.15,36.0,499.91170101889134,9000.0,8500.088298981109
20000.0,0.15,36.0,22.790957219552524,9000.0,8977.209042780447
20000.0,0.15,36.0,41.8782195970074,9000.0,8958.121780402993
20000.0,0.15,36.0,141.89941213531503,9000.0,8858.100587864685
20000.0,0.15,36.0,113.43399554069161,9000.0,8886.566004459308
20000.0,0.15,36.0,171.97939807684415,9000.0,8828.020601923155
20000.0,0.15,36.0,39.99552490943759,9000.0,8960.004475090562
20000.0,0.15,36.0,41.254310810968704,9000.0,8958.74568918903
20000.0,0.15,36.0,286.2902254065866,9000.0,8713.709774593413
20000.0,0.15,36.0,14.5025392238226,9000.0,8985.497460776178
20000.0,0.15,36.0,310.31731528253835,9000.0,8689.682684717462
20000.0,0.15,36.0,225.91841461158342,9000.0,8774.081585388416
