pd,lgd,ead,ecl
0.03282983774795556,0.24395464376443093,1169,9.362510914623837
0.5581025558062683,0.28406091873844963,5951,943.442527402755
0.055466157205291675,0.3902720399385139,2096,45.37188211084467
0.3550708760899746,0.29864681446248165,7882,835.8134756671723
0.720018609777121,0.41835336214606494,4870,1466.9521442329312
0.27509742434438106,0.49963164721546416,9055,1244.586019289077
0.07561469942050474,0.3039632841398589,2835,65.1599018550724
0.26327125768403215,0.15089426689933477,6948,276.0171055492425
0.02775128080181781,0.3293798647231175,3059,27.961441423055355
0.6571109465360903,0.5237398684560446,5234,1801.3083204629565
0.686107840386535,0.16127411465867025,1295,143.29360770173034
0.879750033136275,0.3274650438666328,4308,1241.0804467939015
0.14960870990391734,0.48761242462451476,1567,114.31432007913223
0.4068235988120531,0.21620560433097472,1199,105.46109290267707
0.6444669914392602,0.29178582562220173,1403,263.82900545625546
0.46358313901819787,0.22819733188848898,1282,135.62077422439222
0.026563175923189988,0.15634583241166214,2424,10.066973447329552
0.7706499736559297,0.14563365400354747,8072,905.9413181267352
0.5545154435014732,0.3281252531586547,12579,2288.7555945933723
0.07116933182555336,0.313299117387217,3430,76.47970074172457
0.0763368159679932,0.32894420762061183,2134,53.58592104282083
0.18486965897328694,0.16357224331793252,2647,80.04407519063746
0.17982789516100364,0.41305495459492536,2241,166.45879768128037
0.05349715376768309,0.11293331963858236,1804,10.899066543825061
0.008081404602263656,0.3648103431760136,2069,6.099784391646465
0.21636079663626634,0.29892066136433687,1374,88.86305487033901
0.20519257955272457,0.09624516671128007,426,8.41298625548904
0.14962842579184776,0.395987313395504,409,24.233641959797147
0.10433448778093846,0.25349054600379056,2415,63.87145215319741
0.8041181335214315,0.6281818928514328,6836,3453.0854363461463
0.23097194105186034,0.22661914083185933,1913,100.13151400802167
0.5192936226344008,0.5606250264600108,4020,1170.3385837383018
0.30182438597199346,0.1640564553357773,5866,290.46225736665053
0.05191977026285678,0.0688624480669468,1264,4.5192076189844625
0.49978634167206387,0.5079425083905975,1474,374.1936611431475
0.5173939552424143,0.04625077045058682,4746,113.57115854185518
0.3969794686967173,0.11893728837457813,6110,288.4876920531982
0.35319977442687417,0.43580332116414594,2100,323.2438329322838
0.09527244658032366,0.24392524862993042,1225,28.468210144116835
0.1824555245881597,0.2768931445268666,458,23.138473244297668
0.18562735762104526,0.479835745865537,2333,207.8018068461347
0.2045743241232777,0.4232122092470457,1158,100.25773123088806
0.3203724225997416,0.2031280864899692,6204,403.7354569830832
0.18201862879098502,0.052897264407406976,6187,59.570214974283445
0.7049459860341082,0.15792929255959193,6143,683.910146986538
0.19735219398504295,0.17389174406264576,1393,47.80485866886165
0.114328036249135,0.4552325047221421,2299,119.65338225551079
0.14115843138192152,0.5640587698096096,1352,107.6484723595872
0.08278630191719509,0.08919630954948148,7228,53.373233321436715
0.1488341344585612,0.2339890354013085,2073,72.19337666913734
0.41278525243437425,0.5450425599776015,2333,524.8912431413717
0.13309400200983815,0.2092531689413234,5965,166.12728816678154
0.07346413310177848,0.3996442644059915,1262,37.051713525309346
0.010332367477502382,0.3734145063194637,3378,13.033188432641735
0.7534983506538264,0.3619444339374875,2225,606.812088150511
0.03523171523086708,0.21604299064489343,783,5.959855492112175
0.13710105258027352,0.12510978300763198,6468,110.94355324580381
0.30687584704380333,0.26730226900100523,9566,784.6856853302169
0.4520711811535095,0.3925602709342212,1961,348.0092284814983
0.9251963093522871,0.05128730414767465,6229,295.57118589806004
0.26207972875537844,0.6816644924045036,1391,248.50276937271914
0.021949450854226834,0.024211150100058833,1537,0.8167947674904111
0.510362526371166,0.04150542797091383,1953,41.37003784606854
0.7770778940448922,0.11519921241583758,14421,1290.950057857076
0.2520043046702317,0.19455375389612842,3181,155.95928782308715
0.1859535441168986,0.26448596600444013,5190,255.25511326060038
0.2637766653153178,0.2562274533820433,2171,146.73099320052793
0.21530910327772698,0.2816921886346191,1007,61.075448783006976
0.5068948058954613,0.16759708002585516,1819,154.53148852465222
0.11956482110094427,0.5912049948167846,2394,169.22544273757296
0.26918413090223264,0.20750380004764835,8133,454.2827856978351
0.018648384267644577,0.25345658923641035,730,3.4503857860104037
0.2936797337001788,0.10313299175986462,1164,35.2553129628811
0.4496917516393758,0.24122872836060696,5954,645.881402220821
0.5901688600958015,0.5120450375439777,1977,597.4356324192064
0.12337046775842594,0.5349037096546614,1526,100.70275564123038
0.6864962478278237,0.4259009638056911,3965,1159.2843749194826
0.1166799950490427,0.2852554767664321,4771,158.79609193984635
0.16910667387864506,0.24787248292333505,9436,395.5277847329359
0.548682136013074,0.4316679645245102,3832,907.6034551565108
0.06116700998005647,0.1970520448002358,5943,71.63148053503882
0.06169314023168982,0.37517806759442723,1213,28.07599263391633
0.19892316847701055,0.30607302242294726,1568,95.46770415614978
0.3162772057184302,0.30324768504005073,1755,168.3226299661625
0.23680045438821928,0.48446557454412287,2315,265.5806618540579
0.035280200056071936,0.09097264733509326,1412,4.531860875028948
0.4044425211814642,0.325338840592838,1295,170.39721490127036
0.7061051678527522,0.6046215741333603,12612,5384.3959849615685
0.325607157869811,0.22808291410575965,2249,167.02295076702075
0.5242146367098319,0.311867577054864,1108,181.1419878569893
0.031183733096162892,0.27347695300348757,618,5.270323967835012
0.08138566653079202,0.21105905693146867,1409,24.20264947425069
0.07638885998170074,0.06881685718489745,797,4.189702490498629
0.38061424509988623,0.1078420704249405,3617,148.46420748909256
0.10135937816469452,0.3749653616765385,1318,50.092245266754844
0.9610102010286584,0.8163422381037169,15945,12509.063266562653
0.044483044906436627,0.12357063241739781,2012,11.059557557771038
0.24742635596617174,0.1408222075266004,2622,91.35867544753194
0.22085780048703413,0.33763164232582527,2337,174.26677589774513
0.17551740013764636,0.3193693559984723,7057,395.5792814451678
0.3389298194874483,0.37477326653094034,1469,186.5950764582838
0.44685757399523085,0.33338728049763183,2323,346.0727146586633
0.08364272552103649,0.16738465523547452,932,13.04847417764212
0.11813046654285733,0.2863602886983326,1919,64.9156911717969
0.031842456678749534,0.35683426641709576,2445,27.78126279285597
0.35427086101981875,0.5581949104795468,11938,2360.7656627533834
0.5916136186981761,0.2406864018990516,6458,919.5762749587641
0.2800206195071478,0.2521283849205236,6078,429.11376867487076
0.1456912528058507,0.5635616256451391,7721,633.9404203910191
0.07572194545065326,0.12932092824676783,1410,13.807329506804734
0.48975874331097424,0.46826207346279874,1449,332.3070592823912
0.7107851318592529,0.1830446419482492,392,51.00132070561989
0.49512162569237356,0.35466815032203375,6260,1099.2802335163906
0.44798254046335706,0.31527514788872324,7855,1109.422618123265
0.21706074987291454,0.12758667085044484,1680,46.52601819362496
0.030830516843304397,0.19196946073904333,3578,21.176456304534764
0.3360508880623958,0.28413911856577007,7174,685.0108472352028
0.12088135880573887,0.11436165842242949,2132,29.473178762592394
0.2644893656914507,0.1495061040879871,4281,169.28261822198894
0.12718316893542428,0.3459052377387791,2366,104.0882052629929
0.3812218561762238,0.261017620339726,1835,182.59281585732154
0.09739033226896507,0.2448553811054104,3868,92.23844350087157
0.13996092610438943,0.2822857856577212,1768,69.85187661659138
0.15464260305953462,0.21734877498512223,781,26.250488042025786
0.3827843995577908,0.25852184560859987,1924,190.39544104998626
0.3677921033270686,0.24720679593541348,2121,192.8428204671559
0.350659743910875,0.13592776931001252,701,33.412742140414466
0.34908435492069895,0.5568774544154433,639,124.21981523753293
0.08112147142121902,0.6676802830977464,1860,100.74356502711498
0.5266690686680845,0.0676713353847233,3499,124.70575673990973
0.39649462684897385,0.3172040452226466,8487,1067.4074400429836
0.8701746939894714,0.5205721832162397,6887,3119.73345396141
0.28393337458036993,0.32544045492075485,2708,250.2284250474008
0.3341832485234428,0.4526504893754895,1984,300.1161305946908
0.24152151001324712,0.24812650167957623,10144,607.9084893793912
0.019210848666385706,0.0892215885774973,1240,2.125387820561667
0.04175754010075623,0.04680098181556564,8613,16.83233314467085
0.08936431673275036,0.32650901432198964,766,22.350543308527797
0.04144489101258865,0.23386105457965312,2728,26.440719667421472
0.20927270242632193,0.29329167709047915,1881,115.45190864594463
0.04711503388110254,0.32584569387566037,709,10.88473171303684
0.7445297473408292,0.12513738089299023,4795,446.7429698670297
0.38772023191476046,0.24815900109876296,3416,328.67476280366606
0.33180776119476857,0.41876730875098594,2462,342.0954987047852
0.14421487301672778,0.5315500907658868,2288,175.39219719011274
0.43366367282823925,0.28499117214666503,3566,440.7230755454425
0.31466861934280116,0.49469960814466146,860,133.87314070850263
0.0476030777489305,0.17079762547612207,682,5.544995983803081
0.34116784680797957,0.09770090633480621,5371,179.02836253782561
0.022193145465286758,0.05164548490209507,1582,1.8132500508289127
0.08804213002282439,0.32812821320230834,1346,38.88473776749115
0.01065183164781081,0.1718601194187228,1924,3.522122613556206
0.44202797672961863,0.23265379937489988,5848,601.4053270880195
0.22037622181338984,0.12985766029823903,7758,222.0148795873077
0.3034776128192617,0.09779652045736298,6967,206.77397319219006
0.5252241340051491,0.11861578841183525,1282,79.86843942686443
0.057810601039868285,0.4443441547398961,1288,33.085889818436534
0.7066591351609866,0.18035483743455097,339,43.20534437738044
0.3387499083709319,0.3802816196857207,3512,452.4171177487904
0.00753837655767513,0.06696152756438149,1898,0.958074735929841
0.03365057147240831,0.2290073404533058,2872,22.132286464553676
0.25295683245987116,0.1919448341675363,1055,51.22421390724827
0.039678151105218405,0.03497046698601967,1262,1.751105103293671
0.5658810508589732,0.1714927584151397,7308,709.2012231494152
0.1868570237281797,0.09130777425126428,909,15.508902536310712
0.02054555073669633,0.3666980040518771,2978,22.436289068038903
0.6436110119461987,0.45657505944828636,1131,332.3519684622663
0.23510088675032062,0.6671149717480449,1577,247.33560988309395
0.16566794372852436,0.14338743196235013,3972,94.35367241059289
0.3516602256939947,0.0834121088876518,1935,56.75881520667954
0.8525625099029164,0.46855923231056223,950,379.5022333800328
0.11264462357602749,0.20058075434801959,763,17.239484144007896
0.4156737174741824,0.24983327452365794,2064,214.3445960020735
0.05141342146272055,0.5047925381144583,1414,36.697699679827515
0.727979420893606,0.4373517725352685,3414,1086.9598695912157
0.15977991057376217,0.23025018512210765,7485,275.368314603193
0.501922631479293,0.39645667241251364,2577,512.7987150859627
0.09079545617678189,0.08998771827704447,338,2.761620864769931
0.1043856947933329,0.08255422393860194,1963,16.91611328702437
0.30252018917721535,0.15067178874971948,571,26.026898338689936
0.5579278176360135,0.37328195057784236,9572,1993.506684115208
0.6060116788711757,0.4087397258837533,4455,1103.5081666310216
0.45622321857674386,0.21930425568146444,1647,164.7851389879248
0.01776409937738627,0.03785541272663455,3777,2.539909043648153
0.412459843278186,0.4408177547382989,884,160.72854587770294
0.05699168616404777,0.27984942792705586,1360,21.690763446665617
0.3526284298682533,0.23838147535877255,5129,431.1441778393504
0.1182824463718051,0.043690565650991046,1175,6.072196711566434
0.2562122866406965,0.1199660531959114,674,20.71658756898555
0.5959347171604533,0.5723343693836153,3244,1106.4437982312122
0.03034490035666318,0.37525925661242426,4591,52.278657006421376
0.674856670503115,0.6381552760432855,3844,1655.469897620959
0.3786132382196674,0.24973099599507315,3915,370.1689701184808
0.06962971231510642,0.34100721809625123,2108,50.05284631212246
0.45465280195528696,0.42420700950603724,3031,584.5795905128895
0.2634494373096272,0.49044889456476093,1501,193.94193643862465
0.02434071377429698,0.3855849727355836,1382,12.97064139761124
0.8225880612426498,0.2769959753949154,951,216.68875683588627
0.16827263847115528,0.5271899472554669,2760,244.8441357844046
0.7065915947022257,0.38999767338449987,4297,1184.1203280238187
0.05536190891996015,0.1301806854368723,936,6.745799970275285
0.5673649241246606,0.03508319587513976,1168,23.24901052639515
0.13818818765324523,0.523590292036515,5117,370.235384889732
0.5045169553549416,0.21124022117803776,902,96.12999445999775
0.12256125916514134,0.272424907198842,1495,49.9161657830841
0.4148000870966424,0.21328768586837793,10623,939.8354074188728
0.051801032471776365,0.20289188804900957,1935,20.33686795890288
0.11437309057786063,0.35579761692293205,1424,57.94779044842397
0.6844988729566547,0.2527855261620131,6568,1136.4702861522644
0.002627714549358235,0.17932213056999474,1413,0.6658160159587382
0.00891696652261848,0.45907708619087056,3074,12.58364957725172
0.05072745803189395,0.17899908151436786,3835,34.82244579585148
0.7063780968420976,0.3457081590964997,5293,1292.5541541720663
0.15864987077828366,0.5076989649403628,1908,153.6824838473646
0.02510250566992855,0.7530324010141247,3342,63.173826387996094
0.024622923268728263,0.1521967060089666,932,3.492695922472764
0.5232206234738279,0.27425521446529777,3104,445.4115352780065
0.1738455756064424,0.13241609568444507,3913,90.07707363875808
0.7262840192051173,0.2838666412794342,3021,622.8329393481346
0.09016428032531824,0.16149510616758178,1364,19.861326792273434
0.4538137334646633,0.6272279762473258,625,177.90291852142755
0.7129183685916191,0.27073103128665066,1200,231.6109501824067
0.1684986780572212,0.4266393763329152,707,50.82493683991224
0.052298099845912334,0.07230178517374886,2978,11.260550528602067
0.0436437247453468,0.17351632422594535,4657,35.26698921489141
0.5120054293321958,0.2787074185914578,2613,372.874346186049
0.5726563352196681,0.298372029950571,10961,1872.8472445440789
0.5050344821162295,0.3008503173551267,7865,1195.0064028899044
0.062178012162593145,0.22413688370200466,1478,20.59797833198346
0.8334600044282999,0.12744193664417902,3149,334.47971704431717
0.3920683231046469,0.2791084479928187,4210,460.6985367210057
0.08322844180712527,0.5065268922175599,2507,105.6887120394917
0.06861176533354083,0.2971845333157523,2141,43.655751041183656
0.2391632483490293,0.2583509088512709,866,53.508444869771544
0.01970609860218582,0.1793106418996187,1544,5.455744364889263
0.6645426853950804,0.4471054876698191,1823,541.6510022486741
0.27810961031685083,0.3836808314563755,14555,1553.0960275332104
0.8152444611638288,0.3094391934856747,2767,698.0271845350017
0.08393416613090202,0.2784128954231005,1291,30.168545294699502
0.2519786285728346,0.047009763307954804,2522,29.874239244813214
0.6500631965758304,0.19682290219895535,915,117.07180234094824
0.043432700329200095,0.15455524409312663,1595,10.70683880360001
0.7908205558236232,0.12880565605034994,4605,469.07524915299
0.06297832677398744,0.16319623835505662,1185,12.179223842481203
0.17353475201993446,0.20446328483738344,3447,122.30468028216183
0.05877146760708145,0.08336194491462662,1258,6.163324237278315
0.046143338595437976,0.06893934297000068,717,2.2808425662168377
0.38879097394600093,0.2639736188054245,1204,123.5671946630993
0.17258271166343736,0.09646449456989085,1925,32.04760030032078
0.33203914977964466,0.23965046240041635,433,34.45525439262436
0.06259530391566699,0.18979570433148493,666,7.912292983148571
0.17608789403416822,0.288550672923689,2251,114.37394099418486
0.8532931469547613,0.2025283838875734,2150,371.5545763754424
0.10368119811437719,0.2927631179634711,4151,125.99958199257088
0.033919746953314636,0.12562663453799972,2030,8.650284017874739
0.23133373648442795,0.11950728040207384,7418,205.0785154553546
0.071512317070768,0.1890917107000363,2684,36.294085019857754
0.7300417557365773,0.6230287464329333,2149,977.4447128286331
0.04455763534439441,0.1768232864769678,3812,30.034090503335705
0.07681738600346445,0.2333098552562293,1154,20.682280203913237
0.23086808156241131,0.33166697819882224,1657,126.87867554052146
0.5214250066167995,0.10102323621988776,1603,84.43969470789197
0.3846410902247115,0.19350923075496132,5302,394.6363510794803
0.417783417990409,0.2241683358777793,2748,257.3606796855253
0.03701324771567034,0.4429747202175065,1231,20.1833935860153
0.3047416073378841,0.27487428359405847,802,67.18003606063881
0.060639487704544054,0.28252440790373773,6304,108.00098130510469
0.2863734502478364,0.26248373128885444,1533,115.23311391285561
0.414130579780532,0.5035530176666099,8978,1872.2425209391433
0.061254755673001905,0.31924735524136355,999,19.535863325817207
0.02209040444133356,0.533519845836558,2662,31.373451335883956
0.03028248286262345,0.26107955387464993,1402,11.084404236618628
0.8320027661005728,0.4461383005847603,12169,4516.99042452449
0.4066503219202672,0.43227723276734487,3060,537.9041681427477
0.9295703010305827,0.46272738596037555,11998,5160.791350276446
0.04583327016140769,0.21371872427211372,2697,26.41826939182666
0.07051580142492866,0.3853752110628194,2404,65.32880062517937
0.18750288379788904,0.2768969954544993,1262,65.52175927531427
0.1463169456982348,0.11064193023661147,4611,74.64650745482172
0.10734323698600201,0.2433528448262852,1901,49.65845825956424
0.029198659311298773,0.3106734453102335,3368,30.551963555941338
0.08378752761538423,0.12839463025789546,1574,16.93288522110233
0.12906010397792722,0.25155212463035975,1445,46.912421156157656
0.018168530912482234,0.5165550927998779,1520,14.265271700732761
0.528725258685556,0.13938156837341492,3878,285.7874873700329
0.8335275815396448,0.453822235476795,10722,4055.846862837492
0.4740358098186497,0.5750447851224506,4788,1305.1696360632889
0.49586049545859534,0.1435007917845899,7582,539.5076254920227
0.1640863866408864,0.1436067644778679,1092,25.731795267755462
0.6219251551347404,0.47707049433164583,1024,303.82299258615416
0.021157485095498727,0.1737119924601446,1076,3.9546323671301487
0.4663063579669914,0.09762512018504853,9398,427.82716742357087
0.2739999497727629,0.11096091879197216,6419,195.158693962075
0.19113233616246722,0.5718941974825725,4796,524.2386453164862
0.4529803988455743,0.07150255848143938,7629,247.09764515777337
0.7044375756128136,0.06316773099554346,9960,443.1973238634517
0.05098186227853477,0.25083604256341463,4675,59.78431409495372
0.03720493010675752,0.5351052237499807,1287,25.62230700235061
0.0642594890859228,0.33332391649607623,2515,53.86934980400398
0.03586788035652881,0.33972367344707444,2745,33.448286361702955
0.07764191913354886,0.6597044487461476,672,34.42032347818903
0.6322934099587306,0.1476476576775542,3804,355.1286621561498
0.14832473837481158,0.31422354901214905,1344,62.63997693869233
0.22016493005318016,0.12597291187566115,1038,28.78874039030498
0.36601743300792594,0.25262675778132204,10127,936.4011301911596
0.07907664580784272,0.25547158030177286,1543,31.17143243802792
0.0791803587305061,0.3336510540522455,4811,127.09993343486511
0.5146308964515343,0.32943189092447295,727,123.25254793467691
0.28209797165710226,0.14622375645711758,1237,51.02553885443347
0.559382658431947,0.10944361603329451,276,16.896957604290233
0.5124585839758486,0.12243374616874377,5381,337.61590837980435
0.2636636675313956,0.6188745764348573,5511,899.2559952523565
0.4479124497458651,0.18193563526669035,3749,305.5106440953122
0.4411079182304037,0.11005919060479662,685,33.255366608116454
0.03221305110854658,0.4564085427940005,1494,21.96525370280821
0.8225681944601573,0.1761113052109823,2746,397.7953312329977
0.20622281338533577,0.18644175405620447,708,27.221568482208866
0.10690107413986401,0.20689906962469773,4351,96.23425533195275
0.1453388200314759,0.30595990608795287,701,31.171964061162743
0.4823798268522736,0.4393342323265035,3643,772.0463120613242
0.6311452952977771,0.15696694698233177,4249,420.94396899680066
0.7509977298938797,0.5050397022085158,1938,735.0517521981304
0.11273662213086273,0.35830594516209324,2910,117.54712766571333
0.2218004374495541,0.1967363367398091,2659,116.02867056040797
0.14992549163026614,0.4512389687240004,1028,69.54648650708309
0.047953355827726106,0.471458318517816,3398,76.82201290279764
0.021184719422529367,0.3261853580478449,5801,40.08575282717906
0.08932366000747469,0.7214215325008806,1525,98.27101782904951
0.42177275042546464,0.49120913004530675,4473,926.7099932629301
0.2755785345004256,0.34416976704628927,1068,101.29531442346317
0.14798618483140996,0.4913346709759323,6615,480.9815678101174
0.19438866323987586,0.5114779676323982,1864,185.32916630638013
0.8966898492926227,0.047550755873553056,7408,315.8643791141928
0.44211681702875466,0.05025859397448933,11590,257.5317656216011
0.959559456481579,0.10647712568589152,4110,419.9233560170956
0.219643138984275,0.4642340361126316,3384,345.0523379767583
0.26996922043528004,0.19912888177502766,2101,112.9469635247808
0.415341718311343,0.08450168290260743,1275,44.748769575635734
0.5462082896695446,0.16694922505976686,4169,380.1671522913866
0.5336709318916495,0.31391331482267504,1521,254.80767151826748
0.6624316550874553,0.3907372404257884,5743,1486.4992650393128
0.47731543623283806,0.1638543895012978,3599,281.4786156231149
0.26120020698778834,0.35517532463479096,3213,298.0760128850497
0.3172582661977714,0.3637720979383461,4439,512.3036808636393
0.234275612633657,0.6001741981966855,3949,555.253796801328
0.07766277553070225,0.30138409289552465,1459,34.149828401246324
0.12402812581141187,0.844224763603197,882,92.35211660047892
0.5544337923444981,0.23090068253945492,3758,481.09593216091366
0.029483148771577487,0.17359375786979053,1743,8.920831896787766
0.25029348072229524,0.43367545225960963,1136,123.30841327905603
0.12686290246268309,0.5582146084266786,1236,87.52947262168911
0.08772580462734889,0.09678222914856828,959,8.14219666973346
0.011774071294908171,0.14901276044395,3229,5.665238088112273
0.7039091161323237,0.3118149251954397,6199,1360.614594656978
0.13331428290664435,0.4504520677903152,727,43.6575818297313
0.6634323282240379,0.09941091372697197,1246,82.17670777517591
0.0061661766406313386,0.2871116810911284,2331,4.126758906329065
0.18199527224049283,0.5869732563053821,4463,476.7660338759098
0.10925634251198157,0.32823751747081964,776,27.82893577204174
0.6600309643574321,0.2729112002234095,2406,433.3924014577673
0.2880282390712882,0.6751988944487091,1239,240.95619590417746
0.04813564556945411,0.3942381008617035,3399,64.50250177088938
0.3865401255270172,0.44687374850796424,2247,388.1347244922148
0.12156335849587452,0.5620829957429613,1766,120.66847840034423
0.565981572042673,0.384664516944324,2473,538.4043182667119
0.027607818784883675,0.2384618526804491,1542,10.151620711732397
0.022932377285831272,0.3991122287873408,3850,35.23748000827019
0.6558449819722388,0.3292217843945704,3650,788.1023616666074
0.6696961647983027,0.20227491792447702,3446,466.80459090567666
0.31570055137044545,0.7354013949979206,3001,696.7320442641942
0.11434395674838607,0.4026615029632686,3079,141.76303928606305
0.06384885876389482,0.453930713632701,6070,175.92655520160284
0.10930020535911128,0.4051437627781962,2146,95.02980822809633
0.3129211796940063,0.08132591765616638,13756,350.07097038670247
0.9359010823774008,0.3763773733725502,14782,5206.988932761455
0.7267524452973063,0.18997697939753433,7685,1061.0390108057159
0.14355984792312015,0.13975092866529681,2320,46.545283193827196
0.029197973587616992,0.267662567541786,846,6.6116630725470795
0.8089990235839195,0.24529500404115914,14318,2841.31286979582
0.08529039341978703,0.6160752426083786,362,19.021398534209887
0.10497007121537064,0.1940227560154299,2212,45.05088052614885
0.5374607868860688,0.16230623857571227,12976,1131.93850538963
0.15352007048300143,0.19192702361069963,1283,37.803146196730246
0.37036155492781037,0.4490111999182814,1330,221.1743266217097
0.1226441648006245,0.07486119230550775,4272,39.22246407166206
0.06979357735489958,0.4032848520028975,2238,62.99229784705589
0.09850917792389013,0.30538099865340257,1126,33.87326785341962
0.4196174803168928,0.40556166475720934,7374,1254.9129528403876
0.11590620989622732,0.26483113155895555,2326,71.39790215027341
0.09811585503785843,0.39738694809416797,1449,56.49645231986617
0.1231093377858709,0.41607793667792425,1820,93.22600423815003
0.1873942430492913,0.16236087927707007,983,29.908260673703868
0.6573390883199358,0.07530922653662744,3249,160.8375158211015
0.08510525206854702,0.40378983958389975,1957,67.25159280955015
0.04490171746193577,0.38252924032413504,2406,41.32598500713156
0.818178457735915,0.3087315985518217,11760,2970.5471075318837
0.570624364118853,0.04463412421489743,2578,65.65990373267333
0.3421313644314706,0.33872524798674347,2348,272.10627140104583
0.5571055713127676,0.13490505779871143,1223,91.91622742137213
0.034778318601741645,0.4230520195954244,1516,22.304965490661477
0.10219452657228052,0.618463704142107,1473,93.09891082334498
0.18000135312885535,0.4459911149614075,1887,151.48648088105594
0.3682090047524992,0.22731578205566397,8648,723.8351601851797
0.21053805168178003,0.23039478801252578,802,38.90250956820671
0.2759242104347075,0.07604782527042536,2899,60.83098137861125
0.25753390137802995,0.18334716891870095,2039,96.2777297935112
0.007888850198181406,0.2852104977017609,2197,4.943212412225544
0.2690110705034517,0.5295959343005476,1053,150.0179291891507
0.13404519663158942,0.18137786437994252,3235,78.65200988770684
0.08440392900467633,0.43514505718735297,939,34.48754741024896
0.41898244520988015,0.39127289256670694,1967,322.4630429259091
0.03013831649467101,0.08064545376380255,7253,17.6285485727045
0.08749437914848492,0.2835106699937568,2292,56.85441240164731
0.11522058049643127,0.3707360991713588,1597,68.21813640633783
0.4255308348179332,0.2549989436657883,1381,149.85219037197152
0.05242047267320126,0.6127101255869059,5842,187.63659477513497
0.6472723928164542,0.41898797420053285,2579,699.4231200963899
0.6102971008862086,0.31493090581002836,8471,1628.138218615223
0.13381777778284068,0.3058546372812606,2782,113.8638878976142
0.2841860549373169,0.5021990128576236,1042,148.71211042023472
0.0999134823345412,0.09619821072097685,3186,30.62223335276655
0.05489710154202444,0.2123421166006864,2028,23.640328541979486
0.10447867331063324,0.29259595956696605,958,29.28609608940075
0.0631567220152116,0.28998679331929983,1591,29.138552932355676
0.17020085140459223,0.15920478287661116,2762,74.84133285664618
0.16355555629809687,0.3456242317666114,2779,157.09343375730288
0.10759284451111198,0.010416422927863345,2743,3.074169446201775
0.015229865141484935,0.3190885930488483,1149,5.583768000127826
0.0596949145061475,0.02573075636180386,1313,2.016761830470863
0.5858128438153629,0.3367161756901021,1190,234.730665923186
0.018575053563648563,0.1718149227134357,3448,11.00419336112004
0.6729457623116967,0.5336808850587027,11328,4068.318549425965
0.30690799287901094,0.18425657369503348,1872,105.86125406845179
0.20771468610351101,0.4259059824210775,2058,182.0649366883989
0.2832851737437794,0.42444646584603,2136,256.83133879606055
0.051466698591538663,0.17355142621320543,1484,13.255264511481311
0.06770374458955719,0.1314284602829853,660,5.872811278486679
0.0549028094833685,0.23449613073705433,1287,16.56947685450087
0.709754349323153,0.2178861664450674,3394,524.8673506661487
0.401418793898845,0.18567235467911858,609,45.390214959471066
0.12816359098031302,0.3561516774789333,1884,85.9964572000787
0.47853788955498033,0.12804235597586908,1620,99.26245245979065
0.3324848897365618,0.17949258972419518,2629,156.8949707909317
0.49330128968104797,0.21183719216963057,719,75.13518371167766
0.3225649860413537,0.4827529779094158,5096,793.5450818316173
0.15387420249042788,0.18525741979819865,1244,35.46188413224148
0.7829357494718728,0.3863054206547382,1842,557.1171808915616
0.0810750391408444,0.653262272605416,2576,136.43336889017746
0.05529984055639439,0.41887878999868816,1424,32.9854367463212
0.2606118654608226,0.2464855888875706,1512,97.12644852334917
0.03005614986612764,0.2820845249990463,11054,93.71995457810189
0.07752254923359873,0.37537892472729356,518,15.07397154783517
0.18099112405249682,0.5148994856871765,2759,257.1173810237772
0.05749815408878689,0.3072082556233288,2670,47.16263334320417
0.439734482587546,0.43558542375902903,4817,922.6574813348662
0.22232170370553422,0.31635633659229867,2679,188.42178479463738
0.4030690526897256,0.23235592276297312,3905,365.7246559405572
0.2015506987323157,0.22498889296762137,3386,153.54381982757167
0.5124563269975575,0.31757066664879197,343,55.82019640580094
0.12083178372302493,0.31257531466923855,4594,173.5109367717259
0.3388437753186047,0.44202805954733226,3620,542.1980125074658
0.4211202133221741,0.06286164852622589,1721,45.55884695073132
0.5287219266171843,0.3403267410571298,3017,542.873580206808
0.12836091235386,0.44748901544658,754,43.30983411145438
0.10891602432044373,0.602184204209956,1950,127.8956433906813
0.3720454318988032,0.07904018375931926,2924,85.98472092517875
0.6984462670801951,0.229886525779756,1659,266.3746570138404
0.3399606668680595,0.35882983478493097,7238,882.9493606017877
0.16999260531500202,0.2420630629734408,2764,113.73564452496304
0.04402039149872484,0.7284654442925067,4679,150.04305602485675
0.46387008767075005,0.4655665325903658,3092,667.7557045903922
0.7686132886077556,0.28478903477069006,448,98.06390118538879
0.471147853661068,0.43789500860084063,654,134.92889390399236
0.038090323601534394,0.03962182342160331,1238,1.868399597854915
0.19887322114733041,0.46176607599741826,1245,114.33196915296108
0.7692782825920639,0.4412246169516684,3114,1056.967941472277
0.07123296340178795,0.10284644000815171,2569,18.82063965486236
0.42043361616555586,0.28147759055240856,5152,609.7012877999427
0.08587865556539738,0.6093211651015297,1037,54.26380671771995
0.25413136875507625,0.30877845035263324,1478,115.97908896021497
0.11109654257047429,0.1650174548583944,3573,65.50333985990818
0.5746667546026734,0.42138235805915963,1201,290.8274730153674
0.4972084400989158,0.3039352467660884,3622,547.3536335069093
0.04288177070768501,0.1539991504242121,960,6.3396060073625815
0.02531828263428653,0.5679142687107716,1163,16.722328043927405
0.29716482988408705,0.0790425619554905,1209,28.39780139782085
0.03895741537483952,0.5270730437649593,3077,63.18128256590757
0.45316660802563147,0.2557410897487061,3757,435.4112114084683
0.054813425014008765,0.13461122513441637,1418,10.462716254237941
0.12679211115656774,0.18837780541054958,3518,84.02679550423123
0.07357101142360249,0.3465364961426181,1934,49.307408358724835
0.6993650637021765,0.4199256590925644,8318,2442.8413472038196
0.024542558701847975,0.4313149019111292,1237,13.094351697030849
0.0753718399052351,0.25275761475942654,368,7.010696782607384
0.22723571383648936,0.20108251625222207,2122,96.96081999393687
0.24364842257815392,0.29214136984617445,2996,213.25463266279303
0.8687151418295254,0.07109767229612997,9034,557.9725834843994
0.05761574283814439,0.3685867814688328,1585,33.65969592521643
0.2625365093428829,0.12099082519358284,1301,41.325626090398465
0.20905918465578463,0.15316816032467082,1323,42.36406177290499
0.8162873311385367,0.5739882309212251,3123,1463.2482998690557
0.44908748949519006,0.2129269703796663,5493,525.2562522849003
0.15750514743470279,0.24780069312140113,1126,43.94765017727581
0.566797885504582,0.1414541962903822,1216,97.49394225341668
0.8632694200833015,0.1568966308814787,1207,163.4809847097721
0.04329019754277299,0.28415603927543803,1309,16.102232934826226
0.013508030478167407,0.23374665169401287,2360,7.451598272795445
0.38195429031795075,0.15748759656117775,6850,412.04848277207003
0.18350688787563213,0.3831832270082882,1413,99.35758396337361
0.10818063511715012,0.4547453584216134,8588,422.48358283909783
0.3344745188312973,0.10509995783057145,759,26.68132268884865
0.06882701533534877,0.1933340352360875,4686,62.354749193271005
0.1278279947970403,0.6464391918659206,2687,222.03493993347985
0.5458581172454036,0.24138264860940684,585,77.0799966917992
0.11328048257588626,0.07197675039691202,2255,18.386280098310223
0.1404530343532527,0.1550777487948658,609,13.264714490756422
0.11002195884800792,0.38186148526707225,1361,57.179895268680184
0.34282215823890916,0.039176755008908416,7127,95.72031171718562
0.23833344659413752,0.5391721429161238,1203,154.58881441988225
0.020907486314143367,0.46466905583415924,700,6.800543347821023
0.19853213447176196,0.429871289813568,5507,469.98535878449746
0.3714897084504649,0.16102921282616,3190,190.82801808610577
0.8902213966344407,0.2743541444761143,7119,1738.7155833063039
0.059234640742265685,0.36872442538127154,3488,76.18231093980859
0.3178442729252233,0.18117147468569977,1113,64.09134331429489
0.3455412683074789,0.572211645192924,7966,1575.0593278830872
0.17661182027410038,0.24302814003089274,1532,65.75595583306531
0.016444409358101035,0.3314721413924742,1503,8.19264796654788
0.8370112050853643,0.24711959652865476,2302,476.14998771109543
0.3804675879574731,0.15191331453591184,662,38.26233714238839
0.6245444103030529,0.5333753303924842,2273,757.1739890452565
0.45301491508143854,0.31554056127163305,2631,376.0871914776133
0.09613095445008862,0.1375655738146824,1503,19.876137795150147
0.06978968607603774,0.3212966577211021,1311,29.396805865202616
0.09794481227240577,0.7134221923384635,3105,216.9649883821306
0.6680439734408935,0.1554111870587404,2319,240.76207454721774
0.2273947951945978,0.3409252757971614,1374,106.5188461082497
0.2161124614293302,0.2668159502489741,3612,208.27605334596433
0.9385119056090276,0.42694911536685115,7763,3110.609474685192
0.40216405136281874,0.39450360864240225,3049,483.73961189355634
0.315959046691144,0.2240940708554772,1534,108.61417816083694
0.2388966723846983,0.19428261923942525,2032,94.31217355659554
0.40280491328932666,0.27982972662391736,6350,715.7516086801212
0.1989198491363328,0.7853462862804328,2864,447.41684314905984
0.07896272806766091,0.05936134101494429,1255,5.882603452509889
0.6148655949851775,0.47661273328581505,1333,390.63934484844935
0.14314134556817243,0.11880605160180985,2022,34.386249453783925
0.16368185811114974,0.25514551630700816,1552,64.81569829107833
0.6683954285444244,0.17925347256013513,626,75.00243820780224
0.021170295319093337,0.48194610041696595,8858,90.37765380254605
0.0318895785398918,0.28181112002810554,996,8.950890494168943
0.09700443818671671,0.5657100722236503,1750,96.03367853208874
0.31647781989826246,0.33088094914648375,6999,732.9106535407974
0.2576254830554258,0.269291304240459,1995,138.4057231634599
0.35634196043322297,0.10903697694438334,1199,46.586485698764356
0.3101489080567778,0.5240617148275594,1331,216.33697141742107
0.7339942445880651,0.14429307905995137,2278,241.2636396265527
0.26056088276052025,0.35202005167778905,5003,458.88844503908706
0.6135160003687772,0.6280390956551719,3552,1368.6283449157097
0.1679539216930971,0.5421558478184566,1928,175.55828316159466
0.2668594500645324,0.3659988237452141,2964,289.49460567289975
0.6143638764421205,0.2706045883151198,1546,257.0220112480256
0.3564360937688709,0.2232009411257809,683,54.3373432894194
0.357992847480329,0.01894236985726149,12389,84.01269468585429
0.2604057413372612,0.2788913836385008,4712,342.2086113022116
0.2919149392903204,0.2685207561832771,1553,121.7322470318383
0.4905144055601399,0.431943731716513,1372,290.69198247934156
0.015590813332575747,0.11822358074246957,2578,4.751774185912783
0.19646597847554464,0.38183797644668,3979,298.4973050419797
0.6921848439788658,0.2785457618839845,6758,1302.9772356696658
0.758001023747385,0.2291930313814119,3234,561.8381385355834
0.08320943513610961,0.223813470578728,5954,110.88367872296487
0.062203804656234964,0.2288315264580268,5433,77.33436280515151
0.5165670795993572,0.17649287418679083,806,73.48334932254646
0.2928363391090882,0.3713084087408162,1082,117.64866789396028
0.16760143602921457,0.41507819506859195,2788,193.95475194345437
0.16508436112481295,0.10429866828272305,2930,50.44897152749284
0.076107123335046,0.23017223355397423,1927,33.7566976353708
0.7827493962139913,0.06670898559083685,2820,147.2502993050366
0.33380129087069255,0.38901332642676056,937,121.67240204394402
0.2840007065845914,0.35491180593001254,1056,106.43973506425982
0.35650403867984826,0.5343345153144067,3124,595.0982973236131
0.23319317450399693,0.7474381943727753,1388,241.92490958435627
0.871963803155063,0.4070910826239527,2384,846.2453537065404
0.09375207055560995,0.41731607717056934,2133,83.45201738111895
0.6578296927578571,0.38871620863424516,2039,521.3907816914679
0.3596356649289886,0.1932821505089188,2799,194.56172205338643
0.30918480485963223,0.5396547124540491,1289,215.0735646436134
0.37733090631296007,0.500373726534079,1217,229.77747609333775
0.19474524229770174,0.2230991296974255,2246,97.58307167971859
0.15269515586971413,0.2786811649231129,385,16.38300660761697
0.4104947426118412,0.33581943752616505,1965,270.87940316771534
0.15220459964139305,0.39177327378934174,1572,93.73787941964287
0.6554955995919818,0.5779452990528532,2718,1029.6887517078587
0.2484184172911248,0.6932383784757228,1358,233.8654995079377
0.4685196405177356,0.09391783809551194,931,40.966189472465004
0.7725606509835893,0.2536988128350337,1442,282.6287122365355
0.3171996452915976,0.17885448769100606,4241,240.60287201069994
0.11128052247971643,0.12780865950127804,2775,39.46775497868794
0.10594516048388347,0.03153457057280289,3863,12.906032446306552
0.1318815255192766,0.037633480309167244,2329,11.559201488696463
0.3719302222424548,0.12531702211406184,918,42.7872344790227
0.872820292398111,0.025633046313845283,1837,41.099279951880646
0.26383377424447624,0.14222909639288184,3349,125.67068684488801
0.42638016840231807,0.4404046478487442,1275,239.4192550915117
0.4227223268010011,0.13819524978243886,2828,165.20671920560324
0.026615146537754094,0.0881247379306332,4526,10.615519434466655
0.6027438079486569,0.3802453307196963,2671,612.1678751610648
0.13607043389730064,0.431790301686878,2051,120.50423598522184
0.0680536074678112,0.44330276356976983,1300,39.21885793978494
0.549349634816623,0.39151540329735945,741,159.3734232754271
0.29032390946700026,0.6593383929769089,1240,237.36290788932448
0.5950989281019693,0.10554240709987574,3357,210.84703788370743
0.30364969359865585,0.194801603694732,3632,214.8380565007376
0.13757511783865584,0.4170536745549863,1808,103.73618482687957
0.5802808159325928,0.4174422029611281,12204,2956.2201009041414
0.40281872543164104,0.02675975928086998,9157,98.70634428123942
0.3368828544803125,0.5062932257695176,3676,626.9841001043069
0.6239590585951947,0.23912037339103276,3441,513.4017526907529
0.2870385477460242,0.44494079825198685,640,81.73770276045252
0.10659364151094859,0.31182146239156194,3652,121.38585226854369
0.1809450762008751,0.4431909208371309,1530,122.6956188618883
0.398995624359696,0.15019775725938156,3914,234.55916241811056
0.7549990772289544,0.299054850852691,1858,419.51064149553196
0.4346277874869622,0.39467393497889797,2600,445.99427376049414
0.0412793999141389,0.16323145150466498,1979,13.334692706783114
0.07291210387965354,0.2808296677502142,2116,43.3269661162535
0.28847446505856633,0.3713643305584488,1437,153.94455492374178
0.0642290449222483,0.12251919603151953,4042,31.8076740027062
0.04065793839767441,0.1754211034524642,3832,27.330821921095282
0.4646450966956716,0.4105132626777473,3660,698.1192871522325
0.650933543936247,0.32390738625553644,1553,327.43790995431425
0.15126009040864552,0.05038655334268652,1444,11.005409342608495
0.39143763595718917,0.25476309221973575,1980,197.45324784432074
0.5767094846560336,0.09560479500855211,1355,74.70954024133769
0.4861791673446625,0.3509244170593337,1393,237.66271225533737
0.08141834683595409,0.04041947413825872,1376,4.5282601876983
0.40854083000567704,0.25695016486236677,15653,1643.1679401003005
0.25001559665841594,0.15623273758404346,1493,58.31750730924596
0.650669943492258,0.11283926971418742,4370,320.850299856548
0.7956688683366749,0.2750886898652921,750,164.15962991800163
0.4618913583844897,0.2567983999987067,1308,155.14575404272696
0.14248478964854644,0.07840153729809811,4623,51.643655740844984
0.035633429112338265,0.37433652805555573,1851,24.690293046895594
0.16757685013913404,0.2819756102955817,1880,88.83485902805988
0.26015171851803404,0.19095044021535149,7980,396.4151596869145
0.7417247169455973,0.47117942214675285,4583,1601.6916960031149
0.10184959515421826,0.22079366294131358,1386,31.168014823900943
0.5857605001014817,0.4524518590056982,947,250.98192056126268
0.7586866154227544,0.15083083058524147,684,78.27239933295388
0.8039873468020913,0.06588630247066642,7476,396.01682927059795
0.2948077030756557,0.26543172729286074,1922,150.39903290118846
0.6544698555276377,0.2559894593565681,2303,385.8385964613348
0.5466558411944656,0.1534157812427064,8086,678.1375080154079
0.020155536425787594,0.14627563140553915,2346,6.916626914680649
0.5681190358207908,0.361835000098504,3973,816.7111410413926
0.648405899697583,0.1768201729775143,888,101.81030408962066
0.15212130605353685,0.28573474114624015,10222,444.3129480061371
0.6467894764831539,0.3499528938002134,4221,955.4058285226508
0.2378014078118876,0.2879054378265683,6361,435.5015295450349
0.280527426035076,0.8104671463120968,1297,294.8836663858809
0.3310161714396619,0.1875888145551309,900,55.885438079049734
0.14930553106103764,0.11147658369583816,2241,37.29936205678279
0.3572007330713098,0.29306150165835854,1050,109.91587238871176
0.19435825916256536,0.30775111528980215,1047,62.6252276611479
0.4886196883478542,0.10096488212591193,6314,311.49127221151593
0.34413394483943116,0.3015096926687941,3496,362.7439809292465
0.3497185354498718,0.29680723683956084,3609,374.6105627720421
0.5279735563868022,0.2955478546860294,4843,755.7087516537555
0.17093858152226768,0.30807839685574206,3017,158.88271469917936
0.04813553983237583,0.07259007496878044,4139,14.462338360247701
0.0760452510831394,0.14940046842941654,5742,65.2359881994391
0.45550952174295006,0.3797259811464071,10366,1792.9945814776502
0.031376157150690226,0.0724796982066711,2080,4.730199554427595
0.22989288604069072,0.6407016515794574,2580,380.01529957340733
0.12418198408308098,0.19322886331644934,4530,108.6998126382608
0.0937753470083715,0.10843276006505778,5150,52.366846466207846
0.6468625566825646,0.41180753905094936,5595,1490.4122000133939
0.6745339263334512,0.43801540836802877,2384,704.367707631271
0.16894606311673735,0.2223668302580205,1453,54.58630478438803
0.3313822339555844,0.17616822620232392,1538,89.78693329971314
0.03257674469232335,0.2282016838285522,2279,16.942240954773126
0.2621903561995771,0.14169632191432432,1478,54.90978267180245
0.17120190532330648,0.597543029791033,5103,522.039478101358
0.28816984987153477,0.49554826701546295,9857,1407.6000011309297
0.36769620246561896,0.4229344576652333,6527,1015.0228684771902
0.01781531151824566,0.41830183548507455,1347,10.03808310303428
0.6232194098613154,0.2383193721724035,2862,425.07928978064854
0.06537444503173338,0.04580049651235959,2753,8.242983160726729
0.18490757131192806,0.08785271756134655,3651,59.30915375922539
0.37010710746915576,0.3226899639101146,975,116.44410292329631
0.3864932024171531,0.1013194943377103,2631,103.02810733890742
0.24206637173158674,0.2883240043389454,2896,202.1221080965535
0.12047832114340169,0.11426197104030494,4716,64.9208825219816
0.06950993491554389,0.282705678646333,2284,44.882548989643546
0.01908825687378784,0.2060279603505847,1236,4.860835283118208
0.04512281413775557,0.14725094323760277,1103,7.328747768481458
0.0855180033626225,0.2844946931808205,926,22.529041186607323
0.06900850675155829,0.5333690448925831,1800,66.25260240397563
0.49650431207224616,0.5261148339793444,1905,497.6208304788246
0.17919262340564288,0.10221333116816313,1123,20.56872757901642
0.3958951320939823,0.22865803412657076,6331,573.1112592181726
0.2726806740323239,0.30023403733141024,1377,112.73226308142435
0.4812492134472946,0.42881994728772377,2503,516.5422636438467
0.5817283172252299,0.12998187641051404,2528,191.1525414557192
0.17396835751003129,0.5097282352951061,5324,472.1141325280134
0.5420817547325995,0.1334319800608716,6560,474.4916347908068
0.8366400665212056,0.29095263270607447,2969,722.7217884157565
0.323830772016447,0.3536633278486492,1206,138.11964460030745
0.15552697092976533,0.1582662521260867,2118,52.13387274079565
0.0483466477842924,0.2781000282381391,629,8.457033387725552
0.8173464391486421,0.1824909487244048,1198,178.69167588586615
0.013226579138570857,0.37980082028449685,2476,12.438100841414274
0.17748240202143648,0.1498694315313752,1138,30.269874462068724
0.8976631564056667,0.055054621413750816,14027,693.2214269031026
0.011863322760393848,0.4292426333374434,7596,38.68068467809926
0.026207077628970152,0.14538828511845442,3077,11.723991783058592
0.09338551295465074,0.1603434701156615,1505,22.53550459454804
0.0358798588836298,0.29046709837872625,3148,32.80819943852292
0.5459100249150687,0.2956336365423631,6148,992.2218214952477
0.3032926528276947,0.18423098794235368,1337,74.70608507338035
0.8184411626589639,0.2743145561653664,433,97.21297041421863
0.6046076872658267,0.2104781530021754,1228,156.27123902853927
0.13497423438133785,0.10680711806152557,790,11.388805099596944
0.42244377656775234,0.2675377646276868,2570,290.4605356160031
0.04524770757623571,0.19743777069662893,250,2.2334016282462366
0.02504449140456635,0.012145354576059563,1316,0.4002932844237632
0.8291951183304351,0.434558202085746,1882,678.1477219035083
0.9211518843267087,0.3666747390778982,6416,2167.088221783691
0.05426700398536604,0.3707105707023075,1275,25.64962382259229
0.32151714535549936,0.1598899301665868,6403,329.161287138562
0.460913897918569,0.7928543406831188,1987,726.1244806914299
0.12533249493909474,0.5689878613817724,760,54.19762787534836
0.03412956069982816,0.48934421929067307,2603,43.47297172172289
0.04320201312176046,0.25959373641320244,3380,37.90660538315299
0.8016817849741389,0.3615433248343228,3990,1156.4723650146725
0.5142918435977288,0.47477369198449604,11560,2822.631063678222
0.4498841338573792,0.32559684849803006,4380,641.5861500387412
0.06391817204046384,0.0864014064370196,6761,37.338433557534316
0.8150081148723489,0.16822110923642117,4280,586.7947158357875
0.5320322899484041,0.4485997545572932,2325,554.9067146482253
0.35915658968708364,0.24821193555300514,1048,93.42600600290419
0.037632422969114364,0.1959491694530492,3160,23.301972799960044
0.4130681679803449,0.2673730056970982,2483,274.2306583570248
0.2969293785662711,0.05331516533130393,14179,224.4654649046359
0.4539080218430108,0.3588261792193613,1797,292.6847239073179
0.7122295857834054,0.28514408158727705,2511,509.9540963560322
0.6052998430698026,0.06831007128190811,1274,52.67744809403113
0.015504765307335066,0.1675857089581488,5248,13.63628294868963
0.024683546021461545,0.08800745960478155,3029,6.58000628736184
0.3977427249449419,0.3479916565489838,428,59.23997208610798
0.5778882660940562,0.20246355515538617,976,114.19328132792079
0.19153440551886705,0.1237301815343794,841,19.93051146930517
0.15461219623250325,0.581395946828916,5771,518.7604082530105
0.1102938912695039,0.42218896222074237,1555,72.40836273372862
0.6243330012379571,0.2536969522953405,1285,203.5329228264425
0.027590830838165915,0.27243568849156813,1299,9.764228367089707
0.028496937244087205,0.255154043203245,1271,9.241579229813983
0.05816572851796751,0.2918780480829133,1393,23.649377932066987
0.3515744825723249,0.17269841212193834,691,41.95500122403732
0.023287602939056597,0.5930215390601925,5045,69.67170293582741
0.5289702488875639,0.3753290622883108,2124,421.6945155159471
0.37068777050863594,0.21893993961217592,2214,179.68460481155418
0.12804101427801584,0.2774715740499132,12680,450.4917657027961
0.08698230615975049,0.22768563980962725,2463,48.778784060135486
0.34848224078146595,0.13435581892596554,1155,54.07781245175851
0.7595996867849593,0.48511327930512677,3108,1145.2728097078593
0.029881291712476787,0.037388310420621684,2901,3.2410291409244887
0.16885030809511706,0.14315517448740986,3617,87.42938366379319
0.016936245259521854,0.4864824817391423,1655,13.635853864697687
0.18482573449919396,0.4913419221399569,2812,255.3651201991344
0.8626140280176239,0.2439042348014981,8065,1696.8374043995366
0.011434100712193942,0.13601767575850526,3275,5.0934103556807235
0.113659713596406,0.12834455199420508,2223,32.42824596239522
0.23174483514475588,0.25814662229954777,1480,88.5397367134167
0.5358646200793235,0.09516627982820208,1371,69.91584830915237
0.11171827999159002,0.30842344069863664,3535,121.80385583442737
0.31089734369219896,0.37552207382520325,3509,409.6715927123957
0.02128155387826459,0.24379789705901656,5711,29.63094144441203
0.40907474384273984,0.3074523932630419,3872,486.9853469173715
0.10139628503004858,0.3943921564916687,4933,197.2701742988364
0.023915262481293983,0.2720307882758418,1940,12.62103414694353
0.20228791124113443,0.25021897963009077,1410,71.36894738658523
0.7314115922516478,0.6431510779527608,836,393.2612167304505
0.08120905737922114,0.33157970315912283,6468,174.16561560315478
0.09439880511760922,0.40215624915597314,1941,73.6863176877435
0.06300016432356269,0.3202955284292127,2675,53.97794471940684
0.030197175087330243,0.28925690953217076,2751,24.029273983040625
0.8658183499125027,0.2826346653162994,6224,1523.0767799330845
0.8959161759938942,0.3833450071158206,5998,2059.9830671836257
0.36541035739844624,0.08076135377426959,1188,35.05910975420619
0.02709534944437146,0.48802869877966115,6313,83.47874423931607
0.01280081430140843,0.256084566007227,1221,4.00254908037156
0.5726132432151393,0.060227777016006144,2892,99.73704813161298
0.24581008140841698,0.1211284104356013,3062,91.16977752480483
0.20579333537317468,0.12753639958346627,2301,60.392370560116994
0.04763285971000627,0.07081157871383402,7511,25.334287498342835
0.1687453135605551,0.27016215700040347,1258,57.350456152198085
0.09563402088504744,0.3287862967850544,717,22.544742546170315
0.1858271315898492,0.18962146112072925,1549,54.58182211010096
0.3035636739672326,0.18862027941691667,1597,91.44144921222676
0.2859807855570532,0.10335361009493084,1795,53.05507815616474
0.34242637540905,0.3438347524397487,4272,502.9771120112349
0.019069091686640675,0.5100831301914796,976,9.493378249971677
0.4098794451813948,0.1827153135229866,7472,559.587429959775
0.5661825379048406,0.18351266366795274,9271,963.2723422708073
0.12372807270872145,0.39655505922779033,590,28.948345988676955
0.017003395025051146,0.2770771668111213,930,4.381464843331682
0.5460394194687733,0.15908526645648183,9283,806.384750788759
0.7803877524906062,0.27130127822489036,1778,376.43850628639296
0.23307829662897453,0.08317077018397578,907,17.58246840952749
0.18022451075532225,0.18522386621342923,484,16.156830243565878
0.2572600161443042,0.1893707978147841,9629,469.1011397302645
0.5663569545695317,0.3209489402315388,3051,554.5853479680134
0.7811354620354227,0.4592760301666038,3931,1410.2729573161464
0.7679512168714054,0.34189015551057156,7432,1951.3084698599037
0.04418295724056222,0.247179021520738,1338,14.61243198546657
0.028589779175456704,0.292131029589977,1554,12.978948367233293
0.9401805642203592,0.15542901118432254,15857,2317.204585937119
0.6163293079481165,0.3559771715783029,1345,295.0918753166266
0.14274041096897502,0.5554252546261353,1101,87.28907364777825
0.24902852713380935,0.2557472204743202,3016,192.08407455798925
0.6961772693409491,0.364575406591268,2712,688.3303091122082
0.2767500107107005,0.1489138550446442,731,30.125906925339773
0.178385856001057,0.35773585230684496,3780,241.22076137217164
0.469901926372991,0.42172364089847875,1602,317.46633951087307
0.6456000128162567,0.3477204159854178,3966,890.3206176960729
0.32153268695312703,0.4753566474089294,4165,636.5898459265931
0.26881125889943014,0.4171391415258014,8335,934.6177009111016
0.39808934161216686,0.3523902048537425,6681,937.2292841852046
0.08400412839777335,0.29798767625466505,2375,59.45146316549612
0.7922316553151724,0.295937401834981,1216,285.0923889140844
0.9217046115075229,0.18638305705116842,11816,2029.8720956240486
0.13490545177240545,0.047424647896266166,5084,32.52663660613104
0.2693040321855768,0.40896245298927947,2327,256.2846979010579
0.8007850656890934,0.3923607270190532,1082,339.9607326256743
0.05626573500550043,0.42012931305738005,886,20.944051752525116
0.17689685862647764,0.005733078329736931,601,0.6095122916207879
0.12332953551140176,0.127844616041713,2957,46.623069606269404
0.14726113765081122,0.2527553252446449,2611,97.18412693552186
0.5495732639169382,0.2416613506549737,5179,687.8261866964714
0.0965753291606056,0.38745832055644536,2993,111.99481212735617
0.35781888100621545,0.2120965570238047,1943,147.45845269518438
0.15223327871784934,0.12003481608344366,1559,28.488064742162916
0.3523974438209325,0.5475617438071155,3422,660.3069259907222
0.0530297430093651,0.4431881479356844,3976,93.44456267314749
0.10978127497748669,0.16650136031077942,6761,123.58250448554647
0.3581174217631854,0.4606326671302714,1249,206.0357683326079
0.11860922738106959,0.4047323301682273,1364,65.4788049651646
0.3580270684569887,0.05567748048955752,709,14.133237989191949
0.5003280238568627,0.17535362861683473,2235,196.08623756725015
0.00568377862903635,0.2113471178701141,4042,4.855453437172384
0.05394973300703875,0.4086047981952608,1471,32.42690017877106
0.6857485702807928,0.26809364715306877,1442,265.10425241114876
0.4275788432537105,0.18548700949567662,10875,862.4997404264217
0.21846317541897248,0.18073781621280613,1474,58.20023738375877
0.025686591630084837,0.34381089671640375,894,7.89520911112322
0.07431789539396451,0.1903758401888029,3343,47.297873129473196
0.5682986886851019,0.5450890308639817,3959,1226.3928171868135
0.033397476267454144,0.48142270976533563,3577,57.51209170535251
0.019359125871656144,0.345379274456526,5804,38.806941879848594
0.13875287532572705,0.3962390962160618,2169,119.25013188477135
0.5235660774652836,0.3219993424931282,2439,411.1859678443917
0.09062463473266198,0.43256524539044344,4526,177.4240308783899
0.2070259938221731,0.22379889921232385,2210,102.39413885188473
0.13448189061230081,0.6737597836713772,2221,201.24145523871545
0.7310764172092318,0.5973881930689063,2389,1043.3633070739997
0.0652673136958166,0.0193950899410976,3331,4.216597711835511
0.12504537040168032,0.13427171241368896,7409,124.39752500207763
0.6685307706485164,0.3229230693911672,652,140.7563735030504
0.12217007569958242,0.41587382861196226,7678,390.0987344303832
0.03457419515691075,0.13485627273762407,1343,6.261800744239317
0.10427206514302838,0.4429156500963341,1382,63.825914196241584
0.09464650636055517,0.18164736838228268,874,15.026060417293376
0.47869326628536885,0.30534933295205074,3590,524.7455236804641
0.150459688899396,0.2970037239290446,1322,59.07633020951917
0.7045869006479203,0.15200915375909635,1940,207.78109752343562
0.2344159962610983,0.33001184959157853,3595,278.1094031174195
0.46981559346544777,0.18160439569100797,1422,121.32586040513199
0.019375703477112944,0.11745895599922887,6742,15.343780040445749
0.0433886119788223,0.039233186895554335,7814,13.301565307970472
0.0755073961857272,0.4090559561081838,9277,286.53638104870646
0.15838442809496767,0.3198706950305542,2181,110.49499340802079
0.10972260817328304,0.30505189786646664,1098,36.75125666860631
0.39881253244471204,0.12927425933665795,4057,209.1634820843882
0.756664016985532,0.21071123045421367,795,126.75289681726234
0.10427545695006019,0.32720653135185457,2825,96.38789987086868
0.6791190713231559,0.1891132104578652,15672,2012.7610385589387
0.2245303615373276,0.5316399327434104,6614,789.5085919115777
0.14772737493058835,0.39424138637452366,7824,455.67167764756726
0.4898424056275386,0.2708659382625261,2442,324.0085228802279
0.0434573079190924,0.3230578781798187,1829,25.67774378289296
0.3216252683035504,0.45131022521294967,2171,315.12666860305626
0.13247589050836217,0.5685185601117889,5800,436.82701462377815
0.015052559875981805,0.5357500134321826,1169,9.427294303067058
0.04939557819850645,0.11374515495642042,8947,50.26878835925328
0.6688721956650444,0.15743168428187254,2606,274.4161685234388
0.006164521955502058,0.10972810800673147,1592,1.07686275886157
0.07170648969612108,0.3958714782035534,2186,62.05300720312182
0.43109251391434744,0.4881638927590539,4153,873.9731002858101
0.3613032825051559,0.18729851124584126,2625,177.63786316880967
0.06980537029942599,0.2136583905901419,3485,51.97704320844401
0.04177140493447854,0.181913249490653,10477,79.61233432174865
0.04874632222027674,0.11802414239145231,1386,7.973994624452783
0.07401016973888572,0.6666911149449901,1278,63.0589770578607
0.24606182165921825,0.2529554795004154,1107,68.90265349560046
0.09477079149926511,0.3861467523376394,3763,137.70861571075878
0.43785887935910855,0.6360197808691825,3711,1033.46491744946
0.0825118454845851,0.588753628865732,3594,174.59345954172818
0.12745564521978392,0.09254075952586457,3195,37.6845208753209
0.31938408646563066,0.24854112869854886,4454,353.5588822817804
0.5713751584760055,0.3372472939297104,4736,912.6022224055828
0.19382276774526264,0.5433630361092776,2991,315.0005374995653
0.03218197660125634,0.2941492475290517,2142,20.276823599092708
0.5928934189931514,0.1144219544875706,3161,214.4423152444898
0.8241316217271305,0.2386962524990934,18424,3624.3163970818377
0.028155691046478314,0.019830025344645383,2848,1.5901183349517642
0.7813886775570971,0.3482087575010623,14896,4052.9987244874187
0.553764713043324,0.3992984099604405,2359,521.615874439131
0.5498875510286556,0.26489286096592873,3345,487.23700368211354
0.23719371800896538,0.4768919184591067,1817,205.5313490528106
0.17676052410396986,0.13093234748941118,12749,295.0586534756263
0.6112063908958052,0.3702358356139075,1366,309.1128351107771
0.34027805437499203,0.19323605400053007,2002,131.6394849577833
0.8624983291435123,0.185522025134874,6872,1099.6054649896835
0.7392491862763975,0.17542222838985844,697,90.38747549562065
0.6074699348806957,0.36810776559971226,1049,234.57150601743444
0.7697411179337666,0.3035094313269627,10297,2405.6231253555784
0.03605204895045133,0.2832839462024958,1867,19.067608820254673
0.5337150060566096,0.40356506217155436,1344,289.4824525839149
0.46094401366225457,0.2400491681024439,1747,193.30419960643076
0.3675617486901571,0.2458348666346274,1670,150.90035409362278
0.06009160110678585,0.55108838852732,1224,40.53371914838932
0.02514614216594959,0.12328043011452211,522,1.6182142098522552
0.6591668521177967,0.1521129355553741,1498,150.20117173485696
0.6644569108444668,0.5364367950795209,1919,684.00670145022
0.18258045360526912,0.43676467923316636,745,59.40979647359778
0.4120194623803646,0.21043158559306677,2063,178.866037779932
0.8967061778926433,0.17768481483725296,6288,1001.873775594146
0.010026017021368693,0.1853410985990859,6842,12.71403024972371
0.04944058694949606,0.45639649644049946,3527,79.5850291179658
0.05963377883002961,0.23378672897871794,1546,21.553692094077807
0.040190116692411515,0.14229384806126608,929,5.312771106762744
0.03898254461630524,0.4306210070311896,1455,24.424652311098438
0.6334248565137761,0.11662809906980227,1845,136.29962761511953
0.8436189860685538,0.2235495702343372,8358,1576.2407511334407
0.5887133226523824,0.48730015844784513,3349,960.7614395242833
0.12519605149292118,0.3317653121571396,2859,118.75058661145192
0.3975588762921719,0.6798164146743195,1533,414.319387501139
0.09371615073722427,0.2516193933947072,3621,85.38608042022986
0.33530301414307606,0.2387166431948093,3590,287.3522518617191
0.27036900781556267,0.20617953782842863,2145,119.57207492489584
0.36812953159436684,0.39461325062525826,4113,597.4905378502648
0.6163298624948451,0.2843289319142035,10974,1923.0882759105998
0.451082276042582,0.3684974516119727,1893,314.65951277481463
0.1682979452111533,0.14082950297196037,1231,29.17631996558068
0.12752410541920692,0.4151718054271485,3656,193.56477422915987
0.0886470666082707,0.3618707774144651,1154,37.01891547704
0.5905970277794986,0.29981009950250237,4006,709.3302163798012
0.4329698554485919,0.185467670107658,3069,246.44656276256555
0.06485495774879291,0.5248502072402792,1740,59.2281001461235
0.5271701827539148,0.4075778930798726,2353,505.5724328333683
0.12520748503771426,0.3227699538963616,3556,143.7093895995522
0.11694994224131619,0.09020166976793255,2397,25.28614492642368
0.46499519118777627,0.30936001520050965,454,65.30831741396253
0.24053648049336057,0.3151424066735618,1715,130.002565784624
0.15411598002057073,0.18178058170327144,2520,70.59853709473094
0.3477168854207956,0.19818434827239964,3568,245.8781741352908
0.09537877592396589,0.44406058828482703,7166,303.5084440143303
0.2328001363422926,0.26657501181876125,3939,244.44921574251532
0.2107302489341897,0.13492744429620201,1514,43.04800700183329
0.23077848358439318,0.25299254786609526,7393,431.6420538488192
0.924087623774168,0.10202584889243671,1193,112.47702334999911
0.9581994132230203,0.2335703065565748,7297,1633.1191732363993
0.09947403586299432,0.7523691317255372,2831,211.87542018986852
0.15436271250673353,0.2875756600341645,1258,55.84382633870515
0.08423905757160614,0.3570659270153314,753,22.649409578575675
0.15520829436447406,0.2810867279137377,2427,105.88270863257286
0.3478933228656915,0.11608239729284513,2538,102.4953303560342
0.5005487305652465,0.2758436209032353,1264,174.5244922869313
0.17214572412617718,0.2531039231891923,8386,365.38437773335846
0.5524295244028734,0.5214415763087134,4844,1395.3612933878949
0.34217315485599586,0.1971316904950678,2923,197.16562309705216
0.45198274338656824,0.46730208783578175,8229,1738.0674950422176
0.040460566546444615,0.1648588595425525,2028,13.52733363458901
0.5326390073882962,0.34627895256942637,1433,264.3049239664627
0.8496974218457898,0.10780517158498495,6289,576.0835715117182
0.06401182823659565,0.36800815608867454,1409,33.19163670199526
0.4597611045527556,0.16527272514934357,6579,499.9117010188916
0.20523468328660605,0.0637110002260764,1743,22.79095721955253
0.0786247982798102,0.14940637594341583,3565,41.8782195970074
0.263698981015174,0.34296452542809697,1569,141.89941213531506
0.2058814532399842,0.2845906657609479,1936,113.43399554069161
0.6089228698147922,0.07133926611529814,3959,171.97939807684426
0.04954090733908986,0.33779214289049736,2390,39.99552490943765
0.09042315377699972,0.262808837457445,1736,41.254310810968704
0.4786643952453559,0.15506927531211104,3857,286.29022540658667
0.0928966036507613,0.19417269738993592,804,14.502539223822602
0.5701638296617447,0.2949918217709224,1845,310.31731528253835
0.1924548585228366,0.25652915853777863,4576,225.91841461158347
