age,credit_amount,device_reuse,velocity,geo_mismatch,label
24,12574,2,7,1,2
55,16669,2,8,1,1
49,12983,0,1,1,1
40,12084,0,2,0,0
40,9613,2,0,1,0
58,5274,2,4,0,0
24,5974,2,4,0,0
51,15040,0,0,1,0
29,1861,2,6,0,0
25,2147,0,0,0,0
44,8234,0,7,0,0
63,15601,2,7,0,1
53,13312,3,8,1,2
54,12004,3,1,0,0
52,10915,4,8,0,2
55,2659,4,5,1,2
43,6969,1,8,0,0
26,2050,3,6,1,2
57,15284,0,6,0,1
40,15141,4,0,0,1
43,5532,1,6,1,0
37,6212,3,4,1,0
29,6690,4,8,0,2
61,17841,3,6,0,2
55,10026,4,0,1,0
49,15360,0,8,1,2
38,9252,0,0,1,0
57,14114,3,2,0,0
44,10802,2,2,1,0
40,5932,0,9,0,0
40,17587,3,1,0,0
30,14324,0,8,0,0
25,15502,4,2,0,1
45,18988,0,6,1,1
60,5351,2,0,0,0
23,2285,4,3,1,2
58,11854,2,6,1,0
57,6860,3,7,1,2
33,8997,3,8,1,2
48,5076,4,8,0,2
28,8270,2,5,1,0
54,8168,4,3,0,0
51,7335,2,2,0,0
36,14975,4,9,0,2
23,12056,3,6,1,2
63,9747,0,9,0,0
40,2697,3,4,1,2
60,11629,4,4,0,0
50,3912,0,8,1,2
55,6626,4,7,1,2
54,8590,0,2,1,0
29,3255,4,5,1,2
37,8095,3,2,1,0
41,5705,0,7,1,0
42,17070,3,0,0,0
22,17263,0,8,0,0
45,589,2,9,1,0
27,12247,4,0,0,0
53,12990,1,6,1,0
51,7870,0,0,1,2
61,9647,2,3,1,0
53,15903,1,3,0,0
37,7870,0,5,0,0
63,1756,2,9,1,0
39,7763,1,4,0,0
35,5450,0,3,1,0
60,7963,1,0,0,0
37,4987,0,8,0,0
24,3422,4,3,0,0
41,19714,4,4,0,0
56,3012,1,0,1,0
29,14268,4,2,1,2
41,14492,2,5,0,1
26,12546,4,9,1,2
51,18273,0,3,0,0
41,597,1,5,1,2
35,6381,3,8,1,2
30,4094,1,3,1,2
45,11750,4,2,1,0
50,12893,2,0,1,1
62,18009,2,9,0,1
40,7904,2,1,0,0
28,5100,3,2,1,2
57,18523,0,1,1,0
48,13623,3,7,1,2
51,15412,3,3,1,2
25,9177,4,7,0,2
34,9223,4,6,0,2
54,8086,3,0,1,0
57,15115,2,3,0,0
40,4607,2,0,0,0
56,19520,1,0,1,0
58,3930,4,4,0,0
38,9489,1,2,1,0
60,6634,2,0,1,0
33,13029,0,4,0,0
31,13773,1,4,1,0
51,18413,1,9,1,2
49,15889,2,6,1,0
27,5349,2,3,1,0
57,4529,3,4,0,0
29,17787,2,0,1,2
56,10013,0,3,1,2
21,2402,2,5,0,0
56,16586,0,0,0,0
55,13144,4,9,0,2
55,998,3,5,0,0
50,15765,1,7,0,1
41,12343,1,2,1,2
52,12484,0,8,1,2
33,17366,1,3,1,2
55,10162,0,9,1,0
45,9494,4,5,0,0
41,12538,0,6,0,0
43,4356,3,2,1,0
46,3457,2,9,1,2
22,16953,1,1,1,2
27,4703,4,0,0,0
31,10334,0,4,0,0
26,5763,4,8,1,2
40,4993,3,9,0,2
50,12156,3,8,0,2
49,16146,4,5,0,1
41,9117,2,9,1,2
58,3205,1,4,0,0
45,5267,0,4,1,0
24,3709,4,1,0,0
54,17714,2,7,1,1
46,6730,4,3,0,0
48,7791,1,1,0,0
45,1885,4,3,0,0
45,9197,4,6,0,2
24,18321,1,2,1,2
45,8489,2,3,0,0
55,13199,3,3,1,0
34,4047,1,5,1,0
47,3287,0,7,0,0
22,14766,1,6,0,1
36,1781,2,1,1,2
40,9244,0,3,1,0
64,6675,1,6,1,2
30,817,4,2,1,0
33,10858,0,0,1,0
38,19298,0,3,0,0
64,1848,2,6,1,0
58,16407,0,6,0,1
22,11013,0,1,1,2
31,14609,0,6,0,0
57,2382,0,1,0,0
23,17447,4,7,1,2
58,722,0,5,1,0
33,18182,2,1,1,0
61,13327,3,3,1,0
33,7081,3,8,0,2
40,638,3,4,0,0
50,12413,1,6,1,2
26,2204,4,7,0,2
45,12371,0,0,0,1
43,15576,0,9,1,0
55,5712,4,3,0,0
64,5155,0,7,0,0
50,4828,0,4,1,2
39,4884,0,5,0,0
38,2721,0,3,1,2
39,5369,0,8,0,0
56,13356,2,1,0,1
35,6399,3,8,0,2
28,15727,0,2,1,0
35,16476,4,8,1,2
21,15338,0,0,1,0
25,11020,3,0,0,0
24,6667,4,0,1,0
54,18632,2,5,0,1
52,4502,2,2,1,0
51,9557,0,5,1,2
41,9345,1,8,0,0
52,15038,4,0,0,1
28,11162,1,5,0,0
60,16090,0,7,1,2
43,18422,3,4,1,1
62,8117,3,9,0,2
27,17559,0,6,1,2
42,3808,0,0,1,0
51,18363,0,5,0,0
42,3970,0,3,1,0
40,17080,3,1,0,0
28,8109,0,9,0,0
37,19309,3,2,0,0
31,3019,0,0,0,0
34,9577,4,2,0,0
51,18086,3,8,0,2
48,1425,1,5,0,0
47,5667,2,8,1,2
36,2129,0,4,0,0
63,6764,0,1,1,2
24,8110,2,3,0,0
36,12568,0,1,0,0
26,5524,3,5,1,0
35,3594,1,2,0,0
63,3813,0,9,1,0
37,18798,2,3,1,2
60,19087,2,3,0,1
42,4817,3,9,1,2
51,4310,0,5,0,0
41,1556,2,1,1,0
32,19207,4,4,0,0
54,14269,1,2,0,0
63,15336,4,7,1,2
32,6166,3,5,0,0
55,12998,2,7,1,2
32,1666,4,9,1,2
52,13682,4,7,1,2
55,11803,1,3,0,0
40,6963,4,2,1,2
53,14354,0,5,0,1
32,13105,0,4,0,0
24,9060,0,3,0,0
25,4140,1,8,0,0
40,959,4,9,0,2
60,18785,3,3,0,0
26,5986,3,6,1,2
41,6384,0,9,0,0
51,13780,2,0,0,0
29,5476,1,3,0,0
52,7827,2,7,1,0
34,14367,1,4,1,2
56,12109,1,7,0,1
46,13300,4,4,0,0
45,591,2,0,1,2
28,9300,2,4,1,2
41,9767,0,4,1,2
58,12832,3,8,0,2
21,3453,2,1,0,0
54,3610,1,1,0,0
42,15367,3,1,0,1
52,13629,0,5,1,0
50,16318,2,9,1,2
40,5776,4,6,0,2
34,19953,2,8,1,2
48,5820,0,8,0,0
27,13193,1,6,1,2
46,3662,0,6,0,0
25,18410,2,2,1,2
49,6981,1,9,1,2
48,16148,0,7,0,0
24,6959,3,8,0,2
54,15921,0,9,1,0
39,9356,1,3,1,2
55,1718,4,1,0,0
22,4213,0,8,1,0
28,13827,1,4,0,0
42,4263,1,9,1,0
29,5868,2,6,1,0
35,11063,1,2,0,0
50,5434,4,3,0,0
27,3013,0,6,1,2
50,12673,4,3,1,2
25,13933,2,2,0,1
28,14794,0,2,1,2
46,18906,0,6,1,2
55,2927,0,0,0,0
28,8822,1,0,1,2
34,5062,1,0,0,0
61,18071,3,7,0,2
64,11025,1,0,0,0
46,2417,3,4,0,0
40,13996,1,1,0,1
36,1337,1,5,1,2
47,5846,1,0,0,0
47,14566,1,0,1,2
33,10367,4,4,0,0
22,15339,1,6,1,0
27,11638,1,1,1,0
63,16939,4,4,0,0
39,11470,3,8,0,2
42,1607,0,6,1,0
41,1889,4,7,0,2
55,15649,0,3,1,2
23,1252,0,9,1,0
24,7842,2,1,1,0
33,814,3,6,0,2
42,6415,0,4,0,0
50,12105,3,0,1,0
42,3873,0,9,1,2
40,9588,3,7,1,2
62,19922,0,2,1,2
28,1874,2,0,0,0
46,1741,3,6,0,2
44,5789,1,5,1,2
41,16626,3,0,0,0
56,8413,3,9,1,2
32,12970,3,7,0,2
62,1160,1,4,0,0
35,14834,3,2,0,0
44,1814,3,2,1,0
43,14378,1,4,1,1
58,3384,3,0,1,2
40,17239,4,3,0,1
33,6274,4,2,0,0
21,4083,3,1,1,2
37,7065,3,1,1,2
57,516,4,3,0,0
21,3719,1,3,0,0
60,12171,3,3,1,1
44,6365,0,6,0,0
27,7400,1,5,1,2
34,16240,4,1,0,1
45,2913,1,9,1,2
34,8219,4,7,1,2
25,4129,2,4,1,2
50,9915,1,0,1,0
50,6969,0,9,0,0
26,1401,2,7,0,0
33,1869,2,4,1,2
31,17120,2,1,0,0
50,1609,0,1,1,0
53,15762,1,2,1,2
52,18362,0,2,0,1
62,9583,1,2,0,0
54,6586,4,4,1,0
35,15638,0,0,0,0
25,19653,3,3,0,0
48,2848,0,8,0,0
61,19305,2,8,1,2
63,18902,4,0,1,2
31,3280,1,6,0,0
31,1567,0,9,1,0
22,14441,2,5,1,1
27,2014,1,3,0,0
45,12215,4,4,0,1
45,1762,4,2,0,0
37,13967,3,3,0,0
34,5018,3,9,0,2
57,2375,3,6,0,2
41,1798,3,4,1,0
56,4176,2,1,1,0
63,11044,4,9,1,2
34,1994,1,1,0,0
29,16144,0,7,0,0
62,12280,3,3,1,2
48,6297,3,2,0,0
33,19738,4,1,1,2
48,13341,1,3,1,0
43,13603,2,6,1,1
60,3891,2,4,0,0
32,14359,1,0,0,0
64,11404,3,2,0,0
62,19699,2,1,1,0
28,9820,3,4,0,0
28,13721,2,9,1,2
44,7152,1,9,1,2
22,1283,4,9,0,2
34,2994,2,1,0,0
40,17406,3,4,0,0
63,14893,2,0,0,1
64,7611,1,4,1,2
27,14107,4,5,1,1
60,585,1,7,0,0
25,1225,4,3,1,2
53,10391,2,0,0,0
58,12686,0,4,0,0
60,18771,0,4,0,0
30,15313,4,6,0,2
60,5517,2,0,1,0
26,16395,1,6,1,0
43,10084,4,4,1,0
41,16607,3,7,0,2
34,3888,3,9,1,2
21,1011,3,2,1,2
54,1625,0,7,1,0
35,19822,0,1,1,0
50,2070,3,9,0,2
39,18817,0,4,0,0
37,14676,3,7,0,2
59,3347,0,7,0,0
25,17349,1,6,0,1
53,3312,3,3,0,0
53,3294,3,7,0,2
37,11722,3,4,0,0
32,6122,3,6,0,2
21,6171,0,6,0,0
62,4303,4,4,1,0
62,12349,1,1,0,0
31,1023,0,2,0,0
22,5278,4,9,1,2
26,11291,0,5,0,0
23,9987,2,6,1,0
57,14148,2,2,0,1
60,4716,3,7,0,2
27,13133,0,4,0,1
53,15318,0,2,0,0
28,8067,2,1,0,0
37,5507,2,3,1,2
47,11322,3,5,0,0
52,11787,3,2,1,2
59,2334,0,2,0,0
22,11519,4,2,1,2
29,3508,2,2,1,2
33,11592,4,7,1,2
34,18669,4,4,1,2
64,10972,0,4,1,0
55,15349,2,1,1,1
35,6539,2,5,0,0
63,18493,2,9,1,0
42,16348,1,7,0,0
43,18375,2,4,1,2
40,14961,2,3,0,1
27,13163,0,3,1,1
62,10737,1,0,0,0
21,18600,0,0,1,2
28,17039,4,7,0,2
31,8625,3,8,1,2
33,2170,1,9,0,0
26,570,1,6,0,0
21,5052,0,9,0,0
50,1720,1,4,0,0
63,4624,4,2,0,0
26,2635,0,2,0,0
34,19630,0,2,0,1
43,2359,4,7,0,2
61,12724,2,0,1,0
51,7358,0,9,1,0
54,3897,2,7,0,0
46,14174,3,3,0,1
39,19425,1,7,0,0
29,15917,1,1,1,1
59,19517,3,4,1,2
56,12009,2,1,1,0
22,13634,4,1,0,1
52,3355,1,0,0,0
24,17122,1,7,0,0
53,15084,0,7,0,0
57,5453,3,8,1,2
26,7418,2,9,0,0
40,12412,1,9,0,1
26,753,3,9,0,2
45,16449,1,0,0,1
61,5971,0,7,1,2
24,1962,2,7,1,2
38,6946,2,1,1,2
63,16797,2,1,0,1
34,5847,2,9,1,0
26,11014,4,8,0,2
42,16331,1,3,1,1
43,1157,1,0,0,0
50,15318,2,3,1,1
34,6129,0,0,0,0
63,14063,0,6,1,0
43,4167,2,3,1,0
33,3210,2,0,0,0
63,15871,3,9,1,2
61,16252,0,8,0,0
42,19635,4,9,0,2
22,13704,2,9,0,1
47,9584,0,0,1,0
45,4299,1,7,1,0
27,6256,1,7,0,0
48,13137,2,7,1,1
57,7249,2,2,1,0
25,9928,2,3,1,2
52,3777,2,9,0,0
27,9067,4,0,1,0
53,5140,4,6,1,2
39,2686,2,7,1,0
21,3072,4,7,1,2
63,10606,4,5,0,0
28,7645,4,7,1,2
47,2448,1,9,0,0
28,10528,2,7,0,0
62,3702,1,1,1,2
53,801,0,2,1,2
56,3084,0,3,1,0
40,9246,3,3,0,0
41,19105,2,3,1,2
48,5212,4,2,1,0
55,6054,3,6,0,2
58,5231,0,1,1,0
21,7426,4,7,1,2
50,14487,2,6,0,1
25,6780,2,9,1,2
33,13322,4,0,0,1
57,18015,3,2,1,1
32,18950,0,8,1,2
56,11477,0,4,0,0
41,14408,2,5,0,1
31,18423,0,0,1,0
35,15840,0,7,1,1
44,6348,3,2,1,0
54,3074,0,9,0,0
47,2739,0,3,1,0
62,17700,2,1,0,0
59,11346,0,5,1,0
54,6278,1,4,0,0
47,7237,4,4,1,0
33,5992,3,9,1,2
39,16137,4,3,1,2
26,12441,1,3,0,0
37,17648,3,6,1,2
61,6384,1,1,1,0
39,9715,1,8,0,0
26,2873,0,2,1,2
49,19441,4,2,0,0
63,10481,0,0,1,0
59,11283,1,3,0,0
33,8566,2,5,1,2
40,5782,2,7,1,2
44,18993,1,8,1,2
31,10035,1,7,0,0
32,13658,1,3,0,1
31,1227,4,8,0,2
64,5880,2,1,0,0
53,16178,4,2,1,0
57,2212,4,3,1,0
56,2477,3,5,1,2
63,16291,4,2,1,1
25,6520,0,9,0,0
59,5840,4,2,1,0
23,11523,2,3,0,0
41,4300,3,6,1,2
47,1338,1,4,1,0
36,586,0,4,1,0
27,2046,4,9,0,2
29,3591,2,4,1,2
57,14074,0,1,0,1
35,6310,3,7,1,2
34,1899,0,7,0,0
61,781,2,2,0,0
27,9803,3,8,0,2
61,16882,3,3,0,0
61,7104,2,1,1,0
47,1745,1,1,1,0
28,4947,4,7,0,2
27,10237,0,2,0,0
33,4181,0,4,1,2
46,19580,0,7,1,2
27,15386,4,8,0,2
41,7219,2,4,0,0
26,19055,0,9,0,1
44,6837,0,3,0,0
21,3233,0,8,0,0
52,18796,4,2,1,1
23,19213,2,0,1,2
29,6596,0,7,0,0
28,12097,1,7,0,0
57,3879,3,9,1,2
23,13012,2,9,0,1
39,13957,4,1,0,0
47,14343,0,6,0,1
43,11590,0,7,0,0
50,14230,0,6,1,0
56,11323,1,0,0,0
38,16486,3,0,0,1
57,4001,3,6,0,2
34,9927,1,8,1,2
64,8619,3,1,1,2
43,10900,3,0,1,0
53,3270,0,4,0,0
59,6814,3,3,1,2
55,19105,2,9,1,1
58,2552,0,9,1,0
44,12888,1,5,1,2
22,13460,3,9,0,2
42,9753,3,2,1,2
28,1155,1,9,1,2
60,1169,3,4,1,0
31,5874,1,4,1,0
31,2499,2,0,1,0
31,2337,0,1,0,0
49,3622,4,1,1,0
46,4219,4,4,1,0
62,16850,0,1,0,1
39,12955,2,1,0,0
33,1092,3,6,0,2
23,12755,2,8,1,2
21,3165,1,0,0,0
37,8710,4,5,1,2
61,1241,1,9,0,0
44,2258,1,4,1,0
60,3085,1,1,1,0
25,8950,4,0,0,0
25,9530,2,9,0,0
57,7378,3,4,1,0
25,12593,4,1,0,0
23,14548,4,8,1,2
38,14710,4,8,1,2
61,11791,4,7,0,2
51,11138,4,0,1,2
25,10085,4,0,1,2
57,5139,3,2,0,0
58,9996,0,1,1,0
56,696,0,5,0,0
60,19342,3,3,1,2
31,7716,1,7,0,0
64,15247,4,1,1,0
35,19155,4,7,1,2
56,10191,3,9,0,2
46,17305,3,1,0,1
55,9844,1,6,0,0
48,3079,2,5,0,0
49,1016,4,0,0,0
48,3144,4,2,1,2
55,18878,1,7,0,1
53,9764,4,8,1,2
26,6723,2,3,0,0
57,9198,4,1,1,2
44,5490,2,2,1,0
35,17475,3,8,1,2
43,19988,0,5,0,0
63,2155,1,4,1,2
58,14514,3,0,1,2
57,7044,4,7,0,2
41,1423,0,4,0,0
55,18483,0,5,1,0
37,1706,3,8,0,2
51,4515,2,5,0,0
49,997,4,9,1,2
31,9690,0,5,1,2
32,12192,1,3,1,2
23,6753,0,9,1,0
27,1895,3,6,0,2
40,2765,4,7,0,2
42,18701,0,2,1,2
28,16215,1,6,1,2
39,18769,4,5,0,0
47,10850,0,1,0,0
31,11148,4,2,0,0
35,15826,4,9,0,2
37,12524,0,5,0,0
43,9010,0,7,1,0
37,6191,3,1,1,2
53,9967,0,2,1,2
35,1747,2,9,0,0
40,4252,0,4,0,0
37,14880,2,8,1,0
29,17427,1,8,1,2
51,2484,3,3,1,2
31,2389,4,9,0,2
34,2168,2,7,0,0
55,15935,3,1,1,0
62,6568,3,0,1,0
50,6871,4,1,1,0
61,743,1,7,0,0
58,19465,1,1,0,1
42,8963,1,2,0,0
54,16050,3,4,0,0
35,14299,4,1,0,1
41,3264,1,3,1,0
44,16126,0,6,0,0
63,11230,3,9,1,2
58,12283,2,4,0,1
42,4406,1,7,1,0
49,17014,0,5,0,0
29,18667,4,4,0,0
56,8426,4,5,1,0
45,2303,3,9,1,2
44,17051,2,0,0,0
54,17804,1,5,1,2
48,10376,2,0,0,0
24,11793,0,8,1,0
33,4849,1,6,1,0
28,1815,2,0,1,2
53,18910,2,6,0,0
22,9917,0,4,0,0
29,5861,4,0,1,0
47,14018,1,9,0,1
51,1010,2,3,1,2
43,2058,2,0,0,0
58,5232,2,6,0,0
61,9287,4,3,0,0
26,7650,3,6,0,2
62,4153,4,1,0,0
48,7351,1,8,0,0
48,7011,1,4,0,0
25,10731,2,4,0,0
48,11473,2,8,1,2
52,17720,1,5,1,1
46,16232,2,0,1,0
24,6200,0,5,1,2
44,18102,2,6,0,0
62,10655,3,3,1,2
52,4159,2,1,1,2
27,7132,4,0,0,0
63,14964,4,8,1,2
63,16524,4,0,1,0
28,7795,0,5,1,2
56,3573,4,8,0,2
38,4241,1,3,1,0
47,2518,2,2,1,0
40,14125,2,7,1,1
55,10308,1,6,1,2
64,9298,4,0,1,2
55,13601,3,5,0,1
61,16658,4,0,1,0
62,16012,4,3,0,0
24,3174,2,3,0,0
32,11997,3,8,0,2
52,17709,2,9,1,2
46,15590,2,6,1,2
23,6923,3,7,1,2
25,8157,3,0,0,0
43,17858,4,0,1,2
48,1140,3,7,1,2
28,10745,3,4,1,0
28,2763,4,5,1,0
26,17944,0,6,0,0
45,1255,3,3,0,0
21,956,1,6,1,0
46,6914,2,7,1,0
41,4403,3,2,0,0
41,10162,1,6,0,0
50,6341,4,1,1,0
43,7448,2,3,0,0
53,11515,1,7,0,0
54,11431,1,9,1,2
61,18731,2,0,0,0
56,9871,4,6,0,2
43,11502,0,5,1,2
42,13719,2,6,1,2
31,3897,4,7,0,2
47,13505,2,0,1,0
27,17307,2,7,0,0
61,6702,1,2,0,0
58,3977,0,1,0,0
26,7251,3,4,1,0
55,5863,4,0,0,0
26,11910,2,6,0,0
52,17342,2,5,1,1
24,12130,0,5,1,0
42,2947,4,0,1,0
49,6636,4,7,1,2
53,13941,4,0,0,0
39,6941,1,2,1,0
61,11934,3,3,0,0
55,14033,2,7,1,2
30,6918,1,4,1,0
50,13124,1,8,0,0
53,8263,1,9,0,0
35,3133,2,7,1,2
53,7757,0,0,1,2
60,9100,3,7,0,2
56,546,2,2,0,0
54,17907,4,8,1,2
48,10793,1,9,1,2
32,1207,0,0,0,0
55,17425,1,0,1,2
37,17175,4,6,0,2
44,734,1,1,0,0
34,3681,3,9,0,2
34,7593,4,5,1,0
27,10391,1,5,0,0
63,14652,3,8,0,2
27,8774,1,2,0,0
24,12428,1,5,0,0
62,697,1,9,0,0
45,13341,3,0,1,0
40,18350,4,1,1,1
53,10761,1,1,0,0
37,9371,1,3,1,2
26,6293,4,1,1,2
53,19108,2,1,0,1
28,1147,2,8,0,0
45,6091,3,4,1,0
62,3204,0,3,0,0
62,17392,4,4,0,0
36,9910,1,9,0,0
55,18486,3,4,1,2
47,13470,2,4,1,2
42,11358,3,9,0,2
27,10590,3,0,0,0
37,4452,0,4,1,0
49,11459,0,7,1,0
64,13862,4,5,0,1
21,19324,2,8,0,0
52,11205,1,8,0,0
58,18807,0,3,0,0
62,18918,0,8,1,2
39,10689,4,2,1,2
26,9065,4,2,1,2
32,3282,1,9,1,0
58,5736,1,0,1,2
59,17642,2,3,1,1
49,3196,0,6,0,0
26,8242,2,4,0,0
26,14123,3,8,1,2
42,5192,4,2,0,0
46,19495,1,5,1,1
22,13164,0,1,0,0
51,1052,0,2,0,0
44,5319,1,1,0,0
21,14938,3,7,0,2
25,17332,0,2,0,0
40,18575,3,6,0,2
52,17097,2,3,0,0
57,1958,3,5,0,0
39,14728,2,8,1,2
33,2648,0,8,0,0
63,1992,0,0,1,0
41,13993,2,7,0,0
34,9824,2,9,1,2
40,13135,4,6,1,2
21,17103,4,1,1,0
34,1842,0,6,1,0
43,10786,1,6,0,0
61,16771,1,6,1,2
53,9085,0,4,0,0
55,10706,0,5,1,0
44,10208,0,6,0,0
25,18190,2,4,0,1
38,1472,0,7,1,0
64,17620,0,7,1,2
22,16419,0,3,1,0
59,16343,3,6,1,2
51,8539,3,7,1,2
33,10560,4,4,1,0
55,7695,0,7,1,0
57,5408,1,1,0,0
22,17570,2,3,1,2
25,10366,3,7,1,2
50,14605,0,8,1,2
64,2465,1,6,1,0
22,15884,2,6,1,2
50,13347,0,3,1,1
27,19953,1,7,0,0
49,3112,3,3,1,2
48,11030,2,0,1,2
24,10467,2,2,1,2
50,10998,2,6,1,2
60,1560,4,9,1,2
58,9725,2,4,0,0
22,6340,2,8,1,2
31,12538,4,7,1,2
31,5025,0,5,1,0
40,8983,0,8,1,0
27,12590,2,4,1,2
58,1748,1,4,1,2
55,15842,1,7,0,0
56,14456,0,6,1,1
29,1617,4,5,1,0
21,1762,3,4,1,0
61,17080,3,9,0,2
33,6024,0,0,1,0
49,17284,1,0,0,0
61,10235,3,4,0,0
22,7174,2,0,0,0
21,5834,3,3,1,0
21,13350,3,5,0,1
27,2639,2,4,0,0
23,8350,3,2,0,0
57,7244,1,2,1,2
47,3506,0,6,0,0
64,7380,4,9,1,2
56,10808,0,7,0,0
63,13712,1,5,1,2
31,2184,0,1,1,2
33,17511,1,2,0,0
58,17630,1,4,1,0
31,13993,0,2,0,0
23,18523,2,6,1,2
50,8844,4,3,1,2
56,16521,0,8,0,0
63,14681,4,2,0,1
61,11469,2,4,0,0
26,4000,2,7,0,0
54,11373,2,2,1,2
58,18076,1,7,0,0
51,19699,0,5,0,1
57,9237,2,6,0,0
57,5334,4,4,1,0
40,15076,2,9,1,2
22,1980,2,7,1,2
41,3446,3,1,0,0
29,11457,1,5,1,0
26,19808,0,9,1,2
26,6911,2,2,0,0
51,9144,4,5,1,2
43,6785,1,7,0,0
44,9089,4,2,1,0
53,638,4,5,1,2
45,12097,1,5,1,0
48,12126,2,1,0,0
24,6653,3,1,1,0
58,5648,2,5,1,2
40,15351,3,1,0,1
27,4163,4,9,1,2
56,1417,3,5,0,0
53,1288,4,7,0,2
23,17694,4,3,1,0
29,7605,4,2,0,0
21,2485,4,4,0,0
32,17639,1,7,0,1
25,3398,0,3,1,2
52,7065,0,2,0,0
43,903,1,1,0,0
64,13741,3,5,1,2
53,14136,2,6,0,0
47,15252,2,5,1,0
43,5629,0,2,1,2
23,6897,3,2,1,0
24,18793,1,3,1,1
48,16521,3,3,0,0
21,1224,0,2,0,0
22,13991,1,9,0,1
30,16348,0,3,0,0
59,11405,1,2,1,0
41,12978,4,6,1,2
52,519,2,8,1,2
39,1086,2,4,0,0
28,1184,1,6,1,2
37,3600,1,0,1,0
25,19821,3,5,1,2
54,12869,4,0,1,0
29,15754,3,1,1,0
37,6263,3,5,0,0
64,18782,2,2,0,0
47,4378,0,0,1,2
41,18094,3,1,0,1
44,1100,4,7,0,2
55,898,2,5,1,0
32,2038,0,3,1,2
49,15941,3,9,0,2
59,5521,4,3,0,0
46,9297,1,8,1,2
40,9690,0,3,1,0
27,15896,3,0,0,0
31,7300,1,1,1,0
62,630,3,2,0,0
44,8036,3,1,1,2
34,6119,1,1,0,0
39,14752,0,3,1,1
46,15150,2,9,1,1
44,2293,2,2,1,2
51,15963,4,2,1,0
32,1874,1,9,0,0
49,12584,1,2,0,0
40,8091,4,8,0,2
62,6374,3,6,0,2
27,9922,3,9,0,2
27,6552,4,5,0,0
41,15980,3,5,1,2
43,19351,4,2,0,1
51,16408,3,5,0,0
38,9064,2,6,1,0
61,10314,0,9,1,2
41,9218,3,0,0,0
26,15974,3,1,1,2
26,11270,4,0,0,0
63,9628,3,7,1,2
26,8485,2,0,0,0
62,7813,2,9,1,2
33,11277,0,3,1,0
25,13935,0,2,0,0
34,8930,0,9,1,2
48,16229,4,7,0,2
39,16620,3,5,1,2
55,8867,1,8,0,0
47,18226,2,7,1,0
38,3874,2,6,1,0
48,18676,1,3,1,0
63,6234,2,9,0,0
39,11503,1,7,0,0
27,6029,3,9,0,2
38,9121,3,9,1,2
57,7131,0,5,1,2
30,14252,2,3,1,2
62,2083,4,9,1,2
46,16847,4,9,0,2
47,18124,3,1,1,0
34,11478,3,6,1,2
61,11171,0,6,1,2
22,14149,4,7,1,2
34,4381,3,9,1,2
39,15119,4,2,1,2
42,4764,4,9,1,2
41,13689,1,6,0,0
27,6458,0,0,1,0
30,15049,3,5,0,0
25,15925,2,1,1,2
46,4568,0,9,1,2
36,12539,1,7,1,2
45,10218,4,9,0,2
46,6233,1,6,0,0
51,11971,1,3,0,0
45,19856,3,4,1,0
49,548,3,9,0,2
46,19159,1,1,1,2
49,17191,4,8,0,2
48,10822,2,4,1,2
34,12395,0,5,1,2
31,7699,1,6,1,0
55,3018,4,0,1,2
36,11643,0,1,0,0
45,16418,0,1,1,2
29,5006,3,7,0,2
39,14482,2,0,0,0
44,15087,1,6,0,0
48,15286,2,1,0,0
44,7130,0,7,1,2
36,8144,1,9,0,0
63,8616,1,4,1,0
43,17156,2,2,0,0
56,18058,3,4,1,2
53,8573,4,6,1,2
45,19414,0,7,0,1
60,11624,1,6,0,0
26,8008,1,5,0,0
61,512,2,6,0,0
58,12415,2,2,0,0
43,13075,4,2,1,1
53,19383,4,9,0,2
43,14504,3,5,1,0
32,1078,0,8,0,0
56,11558,0,6,0,0
31,14984,4,4,1,0
34,10182,4,5,1,2
43,8872,1,6,1,2
57,16293,0,1,1,1
37,12421,3,4,0,1
42,13786,2,7,1,2
22,9550,4,0,0,0
26,5922,2,0,1,2
23,10622,3,1,1,2
24,19201,3,5,0,0
59,12252,0,2,1,0
58,14291,0,4,0,0
57,2920,3,1,0,0
23,19764,0,2,0,0
24,5271,1,0,0,0
33,19439,3,8,1,2
45,9192,1,4,0,0
35,18418,0,1,1,0
42,17890,0,5,0,0
28,15229,2,9,1,2
53,18369,3,8,1,2
34,12383,3,8,1,2
23,17051,4,4,0,1
53,3857,3,3,0,0
60,1870,3,3,0,0
21,11095,1,3,0,0
40,16292,1,9,0,0
57,15424,1,1,0,1
52,10793,0,8,1,2
58,10656,4,9,0,2
39,12391,1,8,1,2
37,17430,2,6,1,2
52,16915,1,8,1,0
27,2638,0,0,1,2
31,12116,4,8,1,2
47,7928,1,5,0,0
50,16088,0,9,0,0
26,10366,1,0,1,0
43,19831,0,9,0,0
37,8930,4,5,0,0
43,13742,0,1,0,0
63,2617,1,5,1,2
24,18681,1,0,0,0
64,3493,0,0,0,0
40,7878,0,5,1,0
54,16833,2,8,1,0
39,19364,1,1,1,0
34,9945,0,2,0,0
54,9952,1,3,1,2
51,1450,1,5,0,0
27,19588,2,0,1,2
52,821,4,6,1,2
54,1008,1,4,0,0
38,9732,3,9,0,2
61,570,3,3,0,0
49,3705,0,4,0,0
35,12740,2,0,1,2
21,14249,2,9,0,1
50,6314,2,8,1,2
30,16008,0,3,1,2
54,12350,2,4,0,0
44,4951,0,8,0,0
41,14392,4,2,0,0
28,12047,2,2,1,2
52,16336,0,2,0,1
28,3511,2,7,1,0
39,5001,4,2,0,0
57,6419,3,0,1,0
61,7157,1,1,0,0
64,17831,4,9,0,2
63,14784,0,8,0,0
45,11109,1,9,1,2
29,11038,0,2,0,0
57,17774,4,4,0,0
56,9212,3,4,1,2
64,4892,2,5,1,2
49,3169,3,0,0,0
27,6935,1,5,0,0
43,13239,0,0,0,1
40,9683,4,2,1,0
58,8724,4,2,0,0
38,9861,0,6,1,2
35,19510,0,8,0,0
24,19954,2,6,0,1
57,3645,0,4,0,0
54,2731,3,5,0,0
22,5264,4,5,1,0
40,17113,1,1,0,0
42,9460,1,9,0,0
41,17341,4,9,1,2
61,13111,1,2,0,1
27,11287,1,1,0,0
34,5989,0,1,1,2
28,7208,4,6,1,2
31,3380,4,0,1,0
60,10624,0,1,1,2
62,5967,4,6,0,2
22,6203,0,1,1,0
48,1271,0,0,1,2
31,16082,1,0,0,0
29,18815,2,7,1,2
33,10216,4,3,0,0
29,10952,3,2,0,0
42,18553,0,6,0,0
64,10473,2,1,1,2
46,12642,4,5,1,0
52,8847,3,4,0,0
42,10529,1,6,0,0
21,10676,0,6,1,0
24,14365,2,6,0,0
32,12281,2,2,0,1
31,10326,1,1,0,0
57,1978,0,5,1,2
58,18137,0,0,1,2
58,17821,2,4,0,0
49,4096,4,6,1,2
45,6219,2,8,1,0
49,19480,2,6,0,0
38,6760,4,9,1,2
50,16337,3,5,0,0
55,15822,3,4,0,1
54,17284,2,2,0,1
48,812,3,6,1,2
23,9916,2,8,0,0
52,11527,3,3,0,0
37,16825,3,0,1,2
53,4877,3,0,1,0
44,6482,4,6,0,2
59,4008,1,6,0,0
35,15357,3,1,1,1
61,19978,0,0,1,1
58,3238,2,6,1,2
35,5045,4,3,1,0
42,6487,3,4,1,2
44,17836,1,2,0,1
54,9191,3,7,0,2
51,5997,1,7,1,0
58,6785,2,0,1,0
37,12163,1,0,0,1
43,8046,3,5,0,0
39,3237,0,6,1,2
61,16492,2,1,0,0
34,8733,4,1,0,0
46,5505,3,6,1,2
26,14704,2,4,0,1
58,15032,4,1,0,0
37,3523,0,6,0,0
35,1937,4,0,0,0
46,1385,1,2,1,2
42,15431,4,7,0,2
58,12701,4,2,0,0
44,15944,3,0,0,1
43,12714,3,9,0,2
25,8333,3,2,1,2
21,11996,1,5,0,0
38,14588,0,8,1,0
64,8277,1,9,0,0
61,18345,2,8,1,2
48,18042,3,3,0,0
48,16113,1,8,0,1
38,19849,2,0,0,0
28,8113,0,3,0,0
21,2725,0,1,0,0
35,9942,4,5,0,0
34,15044,4,8,0,2
29,15697,4,7,1,2
32,8076,1,9,1,2
22,6205,2,1,1,0
47,9186,3,7,0,2
61,16175,1,7,1,0
51,1681,3,4,1,0
40,6897,3,0,1,2
39,4982,2,1,0,0
34,16216,2,9,1,2
27,9658,1,2,1,2
47,2192,4,6,0,2
45,5604,4,9,1,2
21,1365,4,4,1,0
39,9773,3,2,1,0
33,19954,1,4,1,2
28,11561,3,2,1,2
51,17454,1,1,1,2
44,14980,4,8,1,2
48,17715,1,3,0,0
52,6564,2,6,1,0
64,19049,0,7,1,2
56,5153,0,5,1,2
48,9047,1,5,0,0
59,13784,2,1,0,1
42,6093,0,5,1,0
64,5656,4,7,1,2
54,3035,0,1,1,0
49,581,4,2,0,0
60,10273,1,6,1,0
43,19741,1,9,1,2
52,4790,0,3,0,0
33,9083,4,8,0,2
63,18743,3,1,0,1
48,15560,0,5,1,2
55,578,0,9,1,0
41,10261,3,4,1,2
59,3292,4,5,1,0
24,5316,0,1,0,0
26,5306,1,5,1,0
43,12443,2,5,0,0
53,4379,0,9,0,0
56,5411,1,2,0,0
40,4902,0,3,1,2
49,7459,2,6,1,2
45,13292,3,9,1,2
63,8299,2,2,1,2
49,6886,1,6,0,0
39,10593,2,8,1,2
63,12492,2,6,0,0
25,799,0,4,1,2
64,17860,0,2,1,0
27,18370,0,2,1,2
33,12249,4,0,0,0
57,11704,3,1,1,0
53,14043,0,4,1,2
63,9096,1,1,0,0
53,7627,2,0,1,0
49,7377,0,6,1,0
36,3614,4,0,0,0
21,16902,4,1,0,0
26,6751,1,5,0,0
34,6045,0,9,1,0
22,19303,1,7,1,2
43,10380,2,0,1,2
55,12625,4,1,1,0
63,5286,1,7,1,2
42,5911,1,7,1,2
59,14702,1,3,0,1
64,9292,0,9,1,2
58,3381,0,8,0,0
41,16792,2,7,1,2
35,8353,3,7,0,2
64,13534,0,7,1,0
31,7154,1,1,1,0
39,11432,4,7,1,2
24,15624,4,9,0,2
55,17760,3,2,1,1
49,4543,2,0,1,0
24,13612,2,3,0,1
30,18335,1,2,1,0
45,13033,1,9,0,1
44,3290,1,4,0,0
56,4200,3,6,1,2
32,4454,3,9,1,2
61,2574,3,7,0,2
40,15197,3,7,1,2
57,19320,0,9,1,1
31,10579,3,6,1,2
22,12177,4,2,1,1
23,15587,3,7,1,2
37,8605,2,3,0,0
62,9712,1,3,0,0
23,11985,3,6,0,2
37,6440,2,3,1,2
25,1705,1,0,1,2
61,11571,2,9,1,2
50,16531,0,5,0,0
54,1927,4,6,1,2
52,4724,3,8,1,2
49,5628,1,6,1,2
55,16188,3,6,1,2
21,10339,0,7,0,0
59,10920,1,2,0,0
53,13082,3,8,1,2
53,5893,0,7,1,0
38,14414,3,1,1,1
56,1089,4,1,1,0
37,2717,2,8,1,2
23,16408,1,8,0,0
60,13335,3,9,1,2
31,3940,1,1,0,0
25,9055,3,8,0,2
48,1510,3,8,0,2
31,13601,0,7,1,2
58,15239,0,4,1,1
40,5928,0,5,1,2
21,7325,0,4,0,0
62,5117,1,0,1,2
43,8092,0,5,0,0
32,5810,4,2,0,0
50,5317,4,2,0,0
44,8889,0,0,1,2
22,17253,1,4,0,0
54,15373,3,0,0,1
38,6297,3,8,0,2
51,18885,2,8,1,2
60,4598,4,8,1,2
47,18259,3,3,0,0
50,6530,3,1,0,0
32,11035,2,5,0,0
31,4461,2,6,1,0
39,15359,1,0,0,0
58,6694,2,8,0,0
44,17515,4,4,0,0
36,2117,1,8,0,0
55,10289,0,0,0,0
58,3591,2,4,0,0
60,17834,3,4,0,1
34,8632,4,0,1,2
52,13652,2,7,0,0
46,17649,3,9,1,2
40,10944,1,5,0,0
38,1617,2,3,0,0
26,4804,2,6,0,0
33,4647,1,3,1,2
45,18326,3,3,1,1
60,18212,4,7,0,2
59,9800,1,5,1,0
29,17855,0,2,1,0
50,5297,4,4,0,0
24,13749,4,8,1,2
50,8142,4,5,0,0
36,5189,1,0,0,0
40,5375,3,8,1,2
52,8686,3,7,0,2
39,7123,3,2,0,0
56,4618,4,9,0,2
44,7015,4,9,1,2
64,3007,2,9,1,2
49,19408,0,3,0,1
34,7909,0,9,0,0
55,2593,4,8,0,2
38,11728,4,8,1,2
44,17720,0,5,1,2
27,7518,1,2,0,0
26,16982,1,2,1,2
46,12411,1,9,1,1
29,14915,3,5,0,0
64,6276,2,9,0,0
58,1220,2,5,0,0
51,7244,2,5,1,0
53,18526,3,0,1,0
47,15918,3,4,0,1
23,15791,0,5,0,1
38,17627,0,1,0,0
42,7778,1,1,0,0
61,6779,2,5,0,0
30,18541,4,2,0,0
42,11644,4,7,1,2
36,6310,3,4,1,0
26,5924,0,4,0,0
25,17606,0,1,1,0
37,1540,2,4,1,0
24,1703,2,5,1,0
23,14888,3,5,1,1
36,526,0,2,1,2
29,3834,4,0,0,0
45,19817,2,9,1,1
21,8801,2,9,0,0
34,14689,0,9,1,2
40,9997,4,2,0,0
63,2266,2,6,0,0
48,4097,1,1,0,0
59,15341,1,9,0,1
36,2343,1,0,0,0
40,12095,0,4,1,2
39,7286,4,8,1,2
60,7720,4,7,0,2
63,19069,4,8,0,2
63,12315,1,4,0,1
54,12495,2,0,0,1
43,7331,2,0,1,2
44,7937,2,1,1,0
64,13872,2,0,0,0
33,1258,2,4,0,0
36,5127,3,0,1,2
60,12205,0,1,1,1
37,12658,0,4,0,0
31,2299,4,7,1,2
45,15862,4,6,0,2
35,11079,4,0,0,0
60,5135,1,9,1,2
60,15163,2,5,1,0
34,19822,0,3,0,0
44,8759,1,3,1,0
64,6027,3,8,0,2
53,6338,1,4,1,2
30,12055,2,2,0,1
46,1423,0,4,1,2
48,9926,2,0,1,0
49,983,3,1,1,0
22,1252,2,3,1,0
34,8885,2,2,1,2
58,15037,4,3,0,0
31,17725,1,0,1,1
34,2208,1,6,0,0
35,5259,3,1,1,0
28,8722,2,2,0,0
27,11694,4,9,1,2
36,19747,0,0,0,1
59,13843,0,2,1,1
21,10998,1,5,0,0
33,1686,2,3,0,0
23,2075,4,3,0,0
45,3485,2,1,1,0
32,13385,2,4,0,0
55,6959,0,7,0,0
46,5198,2,5,0,0
55,13566,2,9,0,0
48,16399,2,6,1,0
40,9061,3,7,0,2
58,17696,2,4,0,0
41,14816,0,6,0,1
62,14467,0,5,0,0
64,17418,0,8,1,2
46,4084,3,5,0,0
50,15288,4,4,0,0
32,19175,4,0,1,0
56,19848,1,8,1,1
50,11771,0,4,0,0
60,15210,3,7,1,2
32,17827,0,6,1,1
55,17117,3,0,0,1
41,18006,1,6,1,2
29,16731,4,4,0,1
28,7935,3,2,0,0
45,14740,3,2,1,0
35,8503,2,6,1,2
25,16135,4,0,1,2
39,16299,2,6,0,0
49,18726,3,8,0,2
35,11972,1,0,1,2
63,9766,2,0,0,0
55,3728,4,0,1,2
43,12946,1,7,0,0
62,11544,0,8,0,0
40,10541,1,9,0,0
27,13688,1,0,1,2
22,17095,2,4,0,0
62,3399,0,0,1,2
63,8911,0,3,1,0
53,14584,1,3,0,1
25,16484,2,6,0,1
33,15678,0,9,1,2
22,16087,1,8,0,0
23,17173,1,0,0,1
31,19256,0,2,1,2
46,12357,1,2,0,1
23,5353,1,2,1,0
64,11489,0,3,0,0
41,14337,3,6,0,2
32,2463,0,7,1,2
43,15259,2,9,1,1
55,11112,3,7,0,2
34,18757,4,2,1,0
23,4630,2,1,1,0
23,18184,2,3,0,1
58,9236,3,7,0,2
25,11683,4,9,0,2
48,13370,1,3,1,0
37,11793,3,1,1,2
55,18124,2,0,0,1
23,3762,0,0,1,0
60,14732,3,6,1,2
51,19511,4,5,1,2
40,4792,0,6,1,2
30,5472,0,0,0,0
63,9762,4,4,0,0
34,14632,2,1,1,2
42,19200,1,3,0,0
38,16018,3,6,0,2
31,15983,1,2,1,2
39,9103,1,6,1,2
27,13085,1,2,1,0
21,4618,2,5,1,2
33,9531,0,4,1,0
25,4184,1,3,0,0
39,1028,1,1,0,0
58,17201,0,5,0,0
28,16192,3,9,1,2
21,10459,0,6,1,0
25,782,4,7,1,2
43,2257,0,8,1,0
33,2679,1,0,1,0
42,14481,0,7,0,1
22,4468,1,2,1,0
35,5378,3,6,1,2
39,17291,0,9,1,1
39,17589,2,8,0,1
45,15379,3,4,1,2
55,6536,2,8,0,0
41,11808,0,6,0,0
58,4405,3,1,0,0
44,17229,0,2,0,0
32,2154,0,9,1,2
31,15015,2,9,0,1
35,10474,1,8,0,0
47,15270,0,3,1,2
31,9289,3,3,1,0
61,3583,2,8,1,2
42,15150,4,0,0,1
58,12806,2,8,0,0
51,9559,2,6,1,0
35,7768,4,6,0,2
31,7204,0,4,1,0
53,9882,1,9,0,0
35,5602,3,7,0,2
31,6006,1,0,1,2
61,5923,4,5,0,0
42,747,1,8,1,0
23,18593,2,0,0,0
42,5112,4,7,1,2
41,3719,1,2,0,0
59,3447,4,5,0,0
52,19769,0,8,1,1
29,9796,1,4,1,0
27,6874,2,0,1,2
47,8375,2,0,1,0
23,2223,4,7,0,2
35,6616,4,9,1,2
27,5349,3,2,1,0
21,16162,3,9,1,2
61,1639,1,4,0,0
24,8796,4,0,1,0
21,15905,3,5,0,1
62,16755,0,9,0,0
29,10494,4,2,0,0
56,4839,1,9,1,0
22,7071,2,6,0,0
27,4834,2,3,0,0
25,13409,4,6,1,2
52,6206,1,4,0,0
48,12797,1,0,0,1
41,13286,0,8,1,2
31,18827,1,3,1,0
24,7721,0,5,0,0
46,19244,2,7,0,0
31,8313,4,0,0,0
46,13773,2,7,1,0
51,13401,4,3,0,1
58,16447,4,5,0,0
42,9647,0,4,0,0
21,15952,2,7,0,0
33,7429,2,1,1,0
58,10080,1,1,0,0
44,10243,4,4,1,0
48,14236,1,1,0,0
41,12557,0,2,0,0
28,2026,2,6,0,0
60,16276,1,8,0,1
55,15281,1,6,0,0
64,2538,2,3,1,2
58,19255,3,8,1,2
33,13384,1,4,1,0
32,2157,1,1,0,0
31,10082,0,7,0,0
61,16804,1,5,1,2
45,5956,2,3,1,0
40,18693,3,6,1,2
63,8658,1,7,1,2
47,4910,0,2,1,2
61,7450,2,1,1,0
64,10733,3,5,1,2
24,13918,0,0,1,2
36,18593,2,6,0,0
53,4300,0,4,0,0
56,19224,2,2,1,2
27,10790,3,5,1,0
35,2993,3,3,1,0
45,18566,3,3,1,2
56,7305,3,2,1,0
25,12601,1,6,0,0
47,14113,4,9,0,2
34,761,1,6,0,0
30,4820,1,2,1,0
43,13885,3,8,1,2
39,6833,1,1,0,0
48,681,0,2,0,0
34,954,3,0,0,0
57,16615,3,8,1,2
24,3493,2,0,0,0
58,2458,0,5,1,2
22,11465,3,1,0,0
53,2819,0,2,0,0
36,13235,2,6,1,2
37,11109,2,8,1,2
21,13153,3,0,1,1
51,10086,4,1,0,0
28,15678,0,2,0,1
50,13072,0,9,0,1
52,8597,2,0,1,0
58,799,4,1,0,0
52,5833,0,4,1,0
34,3062,2,3,0,0
53,803,2,0,1,0
57,5826,1,5,0,0
34,4529,3,6,1,2
26,1996,1,1,1,2
60,6591,2,6,0,0
27,10378,4,0,1,2
47,3975,1,7,0,0
31,5825,0,2,1,0
26,892,4,2,1,2
55,1482,1,1,0,0
27,3570,3,8,0,2
50,9332,3,5,0,0
51,13488,2,6,1,0
23,15872,0,2,0,1
28,12776,4,0,1,0
55,12528,3,0,1,2
43,18745,2,4,1,2
26,5485,4,3,1,2
64,16064,3,7,0,2
32,18768,3,7,1,2
21,11571,0,3,1,2
61,16890,3,4,0,0
21,3182,1,3,1,2
45,17636,0,6,0,1
64,11499,1,6,0,0
46,4819,0,6,1,2
46,1701,0,0,0,0
38,14538,3,3,1,2
26,8902,2,9,0,0
46,6545,1,3,1,0
60,8110,0,1,0,0
25,19824,3,1,1,2
59,8842,3,0,1,2
39,2036,2,7,1,0
44,5956,0,0,1,2
28,3334,0,5,1,2
48,13873,0,3,0,0
29,16107,0,0,1,2
33,16898,4,8,1,2
52,12841,1,7,0,0
23,15486,3,8,0,2
40,8637,4,9,1,2
47,12741,4,9,0,2
26,2586,1,7,1,0
33,10997,2,5,0,0
36,11370,2,6,1,0
50,1106,0,4,1,2
63,11192,3,1,1,2
57,14597,2,3,1,2
29,7668,1,4,1,0
21,11127,2,0,1,2
23,6078,3,8,0,2
47,5779,0,9,1,0
27,3025,3,4,1,0
31,6892,4,4,0,0
58,16162,3,8,0,2
59,18744,3,4,1,2
57,12894,0,6,1,0
32,12675,3,5,0,0
48,12469,3,2,0,1
47,9780,2,7,0,0
29,8749,2,1,1,0
45,12607,3,2,1,2
44,15795,0,6,0,0
38,8567,1,7,0,0
54,11534,3,9,0,2
50,9668,4,7,0,2
44,6067,1,0,1,2
52,6161,2,8,0,0
54,2036,4,4,1,2
45,9077,0,0,0,0
32,14392,1,5,0,1
54,13869,0,1,1,1
52,19720,1,4,1,2
64,1278,3,4,0,0
27,15332,1,0,1,2
39,16003,4,8,1,2
61,9010,4,5,0,0
43,6018,4,9,1,2
62,7463,3,4,1,0
21,13809,3,5,1,2
22,17312,2,8,0,1
56,13033,4,2,0,0
36,10526,0,9,1,0
43,13226,3,1,1,0
39,1876,0,9,1,2
38,12358,1,6,0,1
62,1321,1,5,1,2
25,19202,3,2,0,0
54,17839,3,5,0,1
60,10412,0,5,1,0
49,7794,3,9,1,2
38,14780,1,8,0,1
28,12932,0,4,0,0
51,14256,2,3,1,2
41,10553,2,3,1,0
27,5107,1,3,0,0
36,1928,1,0,1,2
63,6024,4,0,1,0
32,10815,1,7,1,2
28,8768,4,2,1,2
51,10374,4,4,0,0
29,5915,1,6,1,0
61,18788,2,6,1,1
58,7651,3,3,0,0
64,17000,2,7,0,1
61,8123,2,1,0,0
31,9149,1,4,1,2
30,12275,0,1,1,2
36,5631,0,5,0,0
41,4787,1,0,1,0
59,7894,3,9,0,2
53,16183,1,6,0,0
49,3319,0,2,0,0
59,9031,1,6,0,0
49,13606,2,3,1,0
37,14271,1,5,1,2
39,8970,1,1,0,0
43,2088,0,5,1,2
24,810,1,1,0,0
53,9664,1,1,1,0
49,16295,4,5,1,2
53,1050,4,5,1,2
44,17805,1,2,1,0
55,13680,0,0,0,0
62,657,0,4,0,0
46,7202,1,9,0,0
40,4799,2,7,0,0
25,19010,2,0,1,0
55,11318,1,9,1,2
60,6820,1,4,1,0
51,5921,1,5,0,0
59,11494,2,0,0,0
58,599,3,3,1,0
56,5519,0,7,1,0
43,3725,2,3,0,0
25,12592,3,1,0,0
21,13549,3,0,0,0
29,9607,2,9,0,0
39,3230,2,8,1,0
53,7727,3,0,1,2
41,16936,1,9,0,0
22,4471,2,8,0,0
30,3685,1,3,1,0
64,2674,2,6,0,0
64,16425,0,2,1,2
37,2837,1,2,1,0
56,11841,0,7,0,0
52,19981,1,2,0,0
61,13015,2,3,0,1
60,8540,2,3,0,0
48,4533,4,1,1,2
38,537,0,8,1,2
48,3533,4,6,0,2
35,19082,1,8,0,0
36,3300,3,5,1,2
47,889,3,1,1,0
46,16413,4,2,1,0
46,8662,0,3,0,0
37,7461,4,9,0,2
39,14490,0,2,0,0
21,10699,4,6,0,2
47,18334,3,1,1,2
46,9618,2,9,0,0
62,14401,1,6,0,0
43,17637,0,4,0,1
41,9540,4,3,1,0
23,6043,3,3,1,2
29,19501,4,2,1,1
35,4922,3,5,0,0
37,1266,4,8,1,2
36,11773,4,2,0,0
38,19744,2,7,0,1
54,2185,3,5,0,0
26,17063,1,7,0,0
35,16693,3,7,1,2
28,18614,3,0,1,0
34,8720,2,0,1,2
51,5468,3,9,0,2
23,10486,1,1,1,2
35,3277,3,5,1,2
22,16935,2,7,0,1
63,13434,1,5,1,2
52,9924,4,0,0,0
31,10559,0,0,0,0
29,14386,3,6,0,2
25,10701,1,8,0,0
41,16876,1,3,0,0
54,18530,0,5,1,1
46,19020,0,9,1,0
59,12591,0,8,1,0
36,14979,4,5,0,0
33,6565,4,6,0,2
42,1243,2,9,0,0
29,8301,0,7,1,2
63,17498,4,4,0,0
29,3103,3,6,1,2
42,11141,2,3,0,0
43,4250,4,9,0,2
23,8870,2,0,0,0
41,3295,1,2,0,0
41,14827,3,3,0,1
32,16300,2,2,1,0
26,15287,3,5,0,1
22,14245,3,7,1,2
21,5085,4,8,1,2
42,10841,1,5,1,0
24,2543,0,6,1,2
63,7800,2,5,0,0
31,10363,3,0,0,0
49,13535,4,7,1,2
50,2387,1,0,0,0
42,16351,3,5,1,0
59,9448,4,9,1,2
25,17684,4,7,1,2
31,10785,4,5,0,0
32,11166,4,3,0,0
26,14005,3,8,1,2
33,16487,1,8,0,0
34,3573,2,3,0,0
54,10470,3,1,1,0
34,1084,1,5,0,0
59,9753,3,6,0,2
54,16363,2,9,1,2
60,17375,3,8,0,2
25,6028,2,2,1,0
64,8034,3,2,1,2
48,11255,0,9,1,2
64,8220,3,3,0,0
36,3972,4,4,0,0
62,6445,4,3,1,0
46,8379,4,3,0,0
24,10614,1,5,1,2
39,18454,0,2,1,0
27,11124,3,4,1,2
62,8048,0,3,1,0
34,13378,1,1,0,0
30,15574,3,7,1,2
45,8894,2,8,1,0
39,10040,3,4,1,2
25,4747,3,2,1,0
56,17363,0,6,0,1
58,17403,3,5,1,0
53,3910,2,5,1,0
48,7247,2,5,0,0
38,5802,2,7,0,0
44,18497,2,0,0,1
43,1771,2,0,1,0
28,4543,1,0,1,0
24,6640,1,1,0,0
32,11421,0,9,0,0
40,5355,1,7,1,2
28,10963,1,6,1,2
25,15070,2,6,1,2
58,16658,4,0,0,1
37,2431,0,2,1,2
46,3207,1,7,0,0
44,2356,0,4,1,0
53,18243,4,5,1,2
53,13215,3,7,1,2
34,10862,1,0,1,0
58,15922,2,7,0,1
37,11929,3,6,1,2
57,5091,4,4,0,0
38,10448,2,4,0,0
25,14212,1,0,1,1
54,1202,3,2,1,0
22,12323,3,2,0,1
54,10193,3,8,1,2
22,1855,0,1,0,0
30,5639,3,2,0,0
47,9246,0,1,0,0
62,7182,4,2,0,0
38,6156,4,0,0,0
26,13157,2,2,0,1
31,8385,3,7,0,2
60,10205,0,7,1,2
52,16067,4,3,1,1
25,2317,1,7,0,0
37,7518,1,6,0,0
32,1924,3,9,1,2
28,18582,4,8,0,2
58,4120,2,2,0,0
48,16487,2,5,0,0
28,4222,2,7,1,0
49,6819,1,3,0,0
39,12361,2,5,1,2
23,16711,4,4,0,1
40,3967,1,3,1,2
29,4655,3,1,1,0
31,17693,3,0,0,1
59,6778,4,7,0,2
52,4590,3,8,0,2
26,14998,4,6,1,2
58,2277,3,2,1,2
46,17405,4,0,0,0
59,17577,3,6,0,2
53,17202,4,1,0,0
35,6258,4,5,1,2
44,2727,4,9,1,2
44,8795,2,0,0,0
52,7024,3,5,0,0
31,19201,4,9,0,2
35,12818,1,3,1,2
31,18915,0,8,0,1
34,15142,4,8,1,2
28,14440,3,4,1,2
22,2680,2,3,0,0
62,1844,3,6,1,2
24,1406,0,6,1,0
60,12070,2,4,0,1
21,4433,1,1,0,0
55,19787,1,7,0,0
35,3086,4,2,0,0
43,18964,2,1,0,0
33,13518,0,0,1,1
42,2567,1,4,1,2
40,1639,1,1,1,2
44,8221,4,3,1,2
38,7109,1,2,0,0
44,6652,1,4,0,0
57,10806,1,7,1,0
40,3029,0,4,1,0
36,3024,3,5,0,0
26,14048,2,1,1,2
36,19811,2,1,0,0
26,5840,1,9,1,0
29,18672,3,6,1,2
62,7224,0,0,0,0
24,7049,4,5,1,2
42,2261,2,0,1,0
57,8754,1,0,1,0
62,10210,2,3,1,0
27,13443,4,6,0,2
28,3584,0,6,0,0
37,4179,2,7,0,0
45,8925,2,1,0,0
63,1858,4,1,1,0
30,3295,2,5,0,0
28,12766,3,8,1,2
32,19100,3,7,0,2
59,11672,4,6,0,2
22,3327,1,0,0,0
37,19824,3,8,0,2
26,10676,1,9,1,2
27,14478,4,5,1,2
61,4341,4,3,1,0
21,11779,1,6,1,0
35,1989,2,6,0,0
61,12701,4,9,1,2
47,4445,0,1,0,0
24,18235,3,5,1,0
41,1568,4,7,1,2
63,13226,4,3,1,0
38,3218,0,8,0,0
44,13898,3,0,0,1
44,10122,3,1,0,0
50,19365,0,7,0,0
29,13210,3,1,1,1
57,7753,3,4,1,0
64,2203,4,2,0,0
27,12117,0,6,0,1
57,9099,4,0,0,0
56,1523,2,3,0,0
53,11834,1,9,1,0
37,4594,1,3,1,0
41,5067,3,5,1,2
57,674,4,9,1,2
27,7755,1,6,0,0
57,4756,4,7,0,2
61,1900,3,9,1,2
51,8968,0,6,0,0
36,4792,2,8,1,2
45,3116,4,5,1,0
23,9601,0,8,0,0
61,1733,0,6,0,0
36,19813,0,3,1,2
23,9683,2,5,1,2
55,19927,0,3,0,0
49,17686,4,3,1,0
48,19602,0,2,0,1
23,11083,0,4,1,0
54,8750,1,3,0,0
49,14537,3,6,0,2
55,2073,4,3,0,0
57,16883,1,4,0,1
30,6809,2,1,0,0
30,644,3,3,0,0
61,5135,3,3,1,2
44,5225,0,9,0,0
40,775,4,4,0,0
33,13537,4,0,1,0
49,2357,3,3,1,2
54,17010,2,7,0,1
21,9337,1,1,0,0
45,14505,4,1,0,0
64,7123,4,3,1,0
33,3073,2,3,1,2
33,4016,3,4,1,0
59,13094,1,0,0,0
23,14463,3,7,0,2
38,5716,0,2,0,0
41,7463,4,7,1,2
56,18928,2,5,1,2
26,17111,2,2,1,1
40,8554,0,4,0,0
27,5199,2,0,0,0
55,6376,0,7,1,0
48,10998,4,3,0,0
42,11552,3,3,1,2
38,4090,2,1,1,2
27,1783,4,3,0,0
61,10158,4,3,1,0
49,16050,0,2,0,0
35,3473,0,9,0,0
39,8462,1,2,0,0
52,3650,0,1,1,0
52,5221,2,5,1,0
41,12438,2,3,0,1
34,6080,2,4,1,0
50,5643,0,7,0,0
49,19915,4,0,1,1
47,3861,4,5,1,0
24,4191,2,0,1,2
41,18630,0,0,1,2
48,11229,1,0,0,0
62,1338,3,1,0,0
44,8786,3,3,1,0
36,11520,1,9,0,0
45,5437,4,9,1,2
28,11191,4,1,0,0
24,13146,2,9,1,2
50,5386,1,6,1,2
64,16341,2,5,1,1
58,9329,0,7,0,0
46,19287,2,4,1,0
22,2210,0,2,0,0
64,6822,0,5,0,0
40,14564,2,7,0,0
33,17950,2,6,0,0
60,4823,4,1,1,2
53,19614,2,9,1,2
53,4271,4,2,0,0
33,8614,4,8,1,2
64,6640,1,3,1,0
40,8774,4,0,1,2
44,18096,2,9,0,0
54,14784,2,5,1,1
50,16031,0,2,0,1
28,5452,1,0,1,2
34,18964,2,1,0,1
36,8992,1,1,1,0
62,13213,2,9,0,1
52,14105,0,1,0,0
37,13426,1,1,0,1
53,12235,3,8,0,2
53,9860,3,8,0,2
38,13128,4,2,1,2
38,18151,4,6,0,2
60,8100,4,5,0,0
45,10462,0,5,0,0
27,4011,3,3,0,0
52,7423,1,7,0,0
46,15554,1,8,1,2
43,12987,1,7,0,1
52,4617,2,9,1,2
60,11149,0,1,0,0
35,16333,2,6,1,2
39,2918,0,9,0,0
29,1707,2,5,1,0
49,8158,3,9,1,2
38,13302,0,3,1,2
36,6609,0,8,1,2
51,16510,4,9,1,2
38,17013,3,6,1,2
41,10884,1,7,1,0
40,7887,4,5,0,0
32,1313,1,3,1,2
26,16520,4,5,1,2
57,17958,0,9,0,0
25,9126,3,0,1,2
35,10571,0,2,1,2
50,15193,0,4,0,0
26,14059,2,3,0,0
49,3137,0,6,0,0
53,13610,2,3,1,0
50,18530,1,6,1,1
34,15138,0,1,0,0
21,9870,4,3,1,2
60,10701,4,6,0,2
35,5566,4,4,1,2
56,13384,0,7,0,0
29,5209,1,6,1,2
28,7166,1,3,0,0
55,5669,1,4,1,0
62,7038,2,9,1,0
58,7651,2,9,1,2
54,2118,2,0,0,0
31,14491,1,7,0,0
61,9099,4,4,0,0
50,19017,4,0,0,0
28,4027,1,6,0,0
26,13546,1,0,1,0
59,3994,2,3,0,0
33,11169,1,6,0,0
54,10072,4,8,0,2
27,9247,2,4,0,0
33,13266,0,8,1,2
33,16649,0,8,0,0
33,6676,0,4,0,0
50,17068,1,1,0,0
61,4104,1,6,1,0
61,6214,4,0,0,0
53,6558,4,8,0,2
29,19091,0,3,1,0
63,2812,4,7,1,2
44,8204,2,7,0,0
45,8776,1,4,0,0
51,16101,2,9,1,2
54,9975,2,7,0,0
62,19352,0,8,0,1
46,14936,4,0,1,2
47,14221,0,4,1,0
53,15181,0,9,0,1
32,3650,1,8,1,2
34,9256,0,4,1,2
48,11929,0,0,1,2
23,4565,1,2,1,2
35,2816,1,5,0,0
52,3147,0,6,0,0
63,15888,4,9,0,2
43,13309,4,0,0,0
38,5985,3,3,1,0
40,14875,2,2,1,1
51,14056,4,9,1,2
44,16421,1,1,0,0
22,18246,2,2,0,1
44,17703,0,2,0,0
38,4029,3,1,1,2
51,15500,0,6,0,0
59,8160,3,5,1,0
63,8360,3,5,1,2
47,13118,1,9,0,1
36,12242,3,4,1,0
40,8683,1,3,1,2
28,19989,1,3,1,2
62,3908,2,8,0,0
58,2389,1,5,0,0
58,1066,3,1,0,0
35,16377,1,6,1,2
35,8428,2,7,1,0
58,9028,4,2,0,0
44,13159,1,5,0,1
52,8990,2,5,1,0
42,11692,4,1,1,0
40,1639,1,0,1,2
48,3546,0,7,1,2
56,18674,1,6,1,2
35,9288,4,7,1,2
56,3764,3,3,1,2
31,7704,4,5,0,0
38,7028,1,9,0,0
61,5846,4,2,0,0
62,6225,1,6,1,2
61,14720,3,1,0,0
34,2581,4,0,1,2
58,6538,1,9,1,0
62,9625,4,1,0,0
64,11032,3,6,0,2
21,17669,3,5,0,0
53,18502,3,8,1,2
64,6299,0,5,0,0
54,11015,3,6,0,2
31,935,1,8,0,0
54,12531,1,8,0,1
25,3481,0,7,1,2
42,1928,0,1,1,2
48,13598,4,1,0,0
41,3973,1,4,1,0
51,9808,1,6,1,0
31,2468,2,6,0,0
47,15040,3,7,0,2
49,15413,2,1,1,1
48,11708,2,1,1,0
33,16800,4,1,0,0
34,9017,2,5,0,0
32,4135,3,6,1,2
41,3451,4,1,1,0
46,4775,3,8,0,2
36,4405,0,3,0,0
39,6802,1,6,1,2
33,4679,3,7,0,2
30,12026,2,0,0,1
49,3393,1,8,1,2
56,12625,1,9,0,0
33,7014,0,9,1,2
58,13891,1,1,1,2
46,10502,3,3,0,0
28,18151,0,2,0,0
37,9077,4,4,1,2
21,6253,1,9,0,0
22,11987,4,7,1,2
35,13345,1,7,0,1
40,9065,4,4,1,0
56,11414,2,9,0,0
26,9681,4,9,0,2
57,6463,0,8,1,0
31,6614,3,8,0,2
27,18194,1,6,0,0
51,13669,1,0,1,2
55,2361,0,2,1,0
47,19260,4,7,0,2
26,14384,3,3,1,2
26,1478,4,1,0,0
38,14693,2,9,0,0
40,11997,0,4,0,0
64,18348,1,8,1,0
33,10042,2,2,1,0
29,10612,0,3,0,0
62,6636,4,3,1,2
27,6771,4,3,0,0
22,12549,2,4,0,1
39,16640,2,2,0,1
38,17868,3,8,1,2
48,15530,3,3,0,1
59,12390,0,4,1,2
62,10256,2,8,0,0
33,7122,3,4,1,0
64,15473,4,0,0,0
48,6703,2,0,0,0
24,5723,4,4,1,0
62,17423,2,6,1,0
27,11995,1,9,1,2
46,7407,2,1,0,0
55,17371,3,5,1,2
31,19272,4,2,0,0
32,6700,1,4,1,0
41,10667,1,4,1,0
59,9929,3,3,1,0
30,14182,3,0,1,1
50,19045,1,0,0,0
40,11196,3,5,0,0
25,16065,0,2,1,0
52,12114,1,3,0,0
57,17797,4,0,0,1
46,8389,2,0,1,0
28,8012,4,1,1,0
27,8737,1,3,1,2
39,19931,1,1,1,0
43,12423,4,2,1,2
45,3475,4,3,0,0
31,1297,4,2,1,2
43,10616,1,0,1,0
33,16211,4,1,1,2
51,9845,2,9,1,0
56,11424,4,6,0,2
49,16069,4,1,1,1
21,10568,2,2,1,0
64,18218,1,3,0,0
22,12939,4,9,1,2
64,14757,2,8,1,1
22,15738,2,7,0,1
43,12722,3,1,1,2
25,1476,4,4,0,0
25,8834,0,4,0,0
51,3258,4,6,1,2
53,10451,2,8,1,0
26,3291,0,3,0,0
63,10431,1,5,0,0
35,7204,2,2,1,2
35,897,3,2,1,0
34,2935,2,3,0,0
41,10309,0,7,0,0
28,2036,2,4,0,0
39,17191,1,6,0,0
30,15294,1,6,0,0
23,14330,3,3,0,1
37,3856,4,9,1,2
50,16016,0,0,1,2
54,12876,3,8,0,2
36,8114,2,0,1,2
35,508,1,3,1,0
55,10814,3,8,0,2
50,16020,1,6,1,2
57,1152,3,3,0,0
60,1526,2,8,1,2
57,7968,0,1,1,2
62,10475,3,6,1,2
39,9751,4,5,0,0
38,8810,2,2,1,2
35,5476,3,9,0,2
31,1667,0,7,0,0
53,1109,1,0,1,2
52,2426,1,0,0,0
56,13962,3,0,0,0
28,15826,1,4,1,2
42,8984,3,4,1,2
30,2009,1,7,0,0
60,8605,3,6,0,2
32,19720,1,0,0,1
27,5374,2,4,1,0
46,10076,0,7,0,0
59,10987,3,8,1,2
61,6933,0,2,0,0
25,9041,4,0,0,0
35,9698,4,1,0,0
27,9742,2,3,1,0
34,14494,4,4,0,0
44,11826,4,3,1,0
33,1541,0,0,0,0
23,623,3,3,1,0
43,8508,1,2,0,0
23,18200,4,4,0,0
30,1219,4,0,0,0
21,1886,4,7,0,2
24,13745,2,4,0,0
40,9293,0,3,1,0
58,4997,0,9,1,2
55,4543,0,7,0,0
25,13467,4,1,0,1
22,10713,2,1,0,0
35,12945,1,0,1,2
49,5964,2,5,0,0
53,10764,0,3,0,0
57,17270,2,3,1,2
36,6673,2,5,0,0
28,8229,3,5,0,0
22,3692,0,0,0,0
27,12955,4,1,0,1
23,1133,0,7,0,0
58,5353,2,9,1,0
32,14404,1,8,1,1
57,878,3,9,0,2
45,19787,3,4,1,2
44,8381,0,8,0,0
41,8274,2,8,0,0
57,10961,2,8,0,0
22,12964,2,1,1,0
25,9461,0,1,0,0
39,17742,0,4,1,0
38,19259,2,5,1,2
45,4406,1,9,0,0
53,14283,2,3,0,0
46,6367,0,8,0,0
32,19915,3,8,1,2
35,5439,0,9,0,0
54,6253,3,1,0,0
29,14427,4,2,1,2
43,15886,1,2,0,1
44,3007,0,7,0,0
54,11333,0,6,0,0
52,7240,1,4,0,0
41,12429,0,0,1,2
34,11356,4,5,1,0
37,19724,4,7,0,2
39,18706,4,4,0,0
30,13252,4,2,0,0
48,13748,2,5,1,0
30,18026,1,6,1,2
49,4078,2,5,1,2
54,14652,1,8,0,1
63,15555,4,3,0,1
26,2984,2,6,1,0
54,17685,1,8,0,0
24,14138,3,2,0,1
35,7269,1,2,1,0
28,9944,1,0,0,0
28,10047,1,3,0,0
28,18416,0,0,1,2
22,19400,0,7,0,0
57,16233,2,0,0,0
23,13218,4,6,1,2
38,2530,1,5,0,0
51,18339,3,9,1,2
64,3111,1,3,0,0
58,3752,1,3,1,0
27,1857,0,2,0,0
64,18981,2,5,1,2
49,10118,3,2,1,0
28,5101,1,1,1,0
40,2075,2,9,0,0
61,8533,2,6,0,0
38,14611,1,1,1,2
29,19893,3,6,1,2
59,11270,2,3,0,0
62,12339,0,1,0,0
63,16799,2,4,0,0
63,18085,1,7,1,2
59,5956,3,0,0,0
40,19841,1,3,1,2
29,10623,4,9,1,2
48,18637,3,3,1,0
30,2790,0,0,1,2
41,2399,2,4,0,0
49,17749,4,6,1,2
62,13615,1,9,0,1
33,3912,3,6,0,2
32,17950,3,0,0,0
53,2496,3,8,0,2
21,13804,0,7,1,2
45,4498,1,6,1,0
53,1876,1,8,0,0
45,16221,1,7,0,1
37,17024,4,2,1,2
57,2563,0,4,1,2
37,2316,2,5,1,0
52,12481,4,4,0,1
41,1059,4,6,1,2
22,15050,3,7,0,2
44,18355,4,1,0,0
23,15146,2,5,0,0
61,4998,3,0,1,0
47,4206,2,5,0,0
37,13771,0,4,1,0
42,1701,0,2,1,2
48,10985,4,9,0,2
32,9251,0,2,1,0
33,15019,1,0,1,2
39,4448,3,3,1,0
32,15365,2,7,0,0
54,14135,2,0,1,2
25,5154,4,4,1,0
57,7455,3,4,0,0
36,1787,4,8,1,2
45,9262,3,0,0,0
27,5581,4,0,1,2
37,2712,3,5,0,0
54,11418,2,1,0,0
32,11567,4,7,1,2
26,2175,4,2,0,0
43,4117,0,5,0,0
28,2110,4,0,1,0
34,13740,3,6,1,2
40,7091,4,5,1,0
45,1887,3,0,1,2
49,4234,4,2,0,0
50,19529,1,0,1,2
58,5487,0,0,1,0
23,13848,0,6,1,0
36,9634,1,4,1,2
21,4043,1,8,1,2
21,6494,2,2,1,0
30,774,0,7,1,2
47,15066,0,6,0,0
60,7022,2,6,1,2
55,10235,3,8,0,2
49,3479,0,7,0,0
55,16572,2,7,1,0
28,4759,3,7,1,2
57,11542,3,4,0,0
60,17518,0,7,0,1
25,14407,3,8,1,2
41,12262,0,7,1,1
57,17816,1,6,1,2
41,3940,1,0,1,2
57,19289,4,4,0,0
62,11354,0,0,0,0
41,8492,3,1,0,0
23,5487,4,3,1,0
35,15026,4,4,1,2
30,19535,1,5,0,1
41,13957,0,9,1,2
46,1138,1,7,1,0
41,9647,3,4,1,2
29,14780,0,3,1,0
34,8250,3,7,0,2
50,15573,1,2,1,1
22,14292,3,8,0,2
30,1809,3,7,1,2
60,11380,2,6,1,2
25,3851,3,2,0,0
39,9987,4,6,1,2
30,7993,1,8,0,0
25,16234,2,0,0,0
39,17429,3,1,1,2
43,9498,4,5,0,0
28,10971,2,3,0,0
24,12708,1,7,0,0
26,13278,4,4,0,0
49,12889,4,9,1,2
58,15768,2,2,0,1
28,19648,0,3,0,1
35,16648,1,0,0,0
36,3126,2,2,1,2
36,9787,3,2,1,0
31,9495,3,7,0,2
23,10421,4,3,0,0
44,10805,0,2,1,0
36,14501,2,3,0,0
36,8709,3,5,1,0
32,5635,4,7,1,2
61,9422,0,9,0,0
47,17162,4,0,1,1
39,6572,0,8,0,0
30,905,0,3,0,0
56,19537,4,8,1,2
60,4317,3,0,1,2
22,12255,4,6,1,2
61,16103,3,9,0,2
51,5852,3,0,0,0
25,7135,2,7,1,0
54,5969,2,1,1,2
25,3421,2,9,0,0
23,3482,1,7,1,0
26,4141,4,9,0,2
41,9431,1,8,0,0
48,10849,3,3,0,0
38,811,3,4,1,2
26,17000,2,6,1,1
29,13680,3,1,0,0
58,1877,0,3,0,0
63,16932,1,0,0,0
54,1094,2,8,0,0
25,11430,1,2,0,0
57,9570,4,4,1,2
51,10291,4,4,0,0
44,19145,3,3,0,1
27,18577,1,7,1,2
64,5940,0,9,1,0
40,11803,3,5,0,0
22,19203,4,8,0,2
30,14712,2,1,1,2
38,17809,4,9,0,2
23,8979,4,1,1,0
35,6021,2,0,0,0
41,10457,1,0,1,0
62,16430,0,2,0,0
24,18611,3,8,1,2
46,13874,2,3,0,1
61,14277,0,7,0,0
56,10480,0,4,1,0
61,6732,4,1,1,2
28,8746,1,4,1,0
56,10205,1,2,1,0
64,16402,3,2,0,0
35,11329,1,5,0,0
42,15965,4,7,0,2
44,1033,3,5,1,0
42,15260,1,2,1,0
33,10387,1,7,1,0
63,19965,4,6,0,2
63,9698,2,2,1,0
37,9830,4,8,1,2
56,2985,1,8,1,0
38,16234,0,6,1,1
55,14179,4,2,1,2
46,17318,1,3,0,0
41,2308,4,4,0,0
26,4626,3,1,1,2
49,17601,1,3,1,2
35,1320,3,1,1,0
30,10409,0,1,1,2
29,8392,1,7,1,2
64,18818,1,1,1,1
25,17206,3,4,1,1
56,17985,2,4,0,0
59,6137,3,0,0,0
22,11956,2,8,0,0
46,14150,3,9,1,2
46,19365,0,6,0,1
36,643,3,6,0,2
50,19552,0,2,0,0
38,7429,0,8,0,0
40,3001,3,7,0,2
39,12502,0,4,1,2
56,15740,3,7,0,2
48,3030,0,9,0,0
37,1295,0,6,0,0
61,17983,4,1,1,2
56,18707,0,3,1,0
62,3547,4,1,1,0
53,18129,1,3,0,0
38,18240,3,8,1,2
55,19949,4,1,0,0
35,4719,0,8,1,0
32,11786,1,2,1,2
40,19888,2,4,1,2
63,18101,4,5,1,2
45,12292,0,1,1,0
37,4343,0,1,1,2
41,2144,1,3,1,2
33,5553,1,0,1,2
49,1772,1,7,1,2
36,4307,0,5,0,0
45,1960,4,8,1,2
37,15363,3,8,0,2
35,12002,0,3,0,1
63,10598,2,8,0,0
36,16286,3,0,0,1
24,8510,3,4,1,0
37,8357,4,6,0,2
44,4535,3,4,1,2
25,9174,3,7,0,2
34,3903,0,8,0,0
28,11991,0,4,0,0
43,19950,3,2,1,1
52,10894,4,5,1,2
63,6331,1,8,0,0
38,13917,3,9,1,2
58,16490,1,8,1,0
30,9699,2,2,1,0
55,5381,3,2,0,0
45,14420,3,5,1,2
54,4151,0,4,1,0
54,19947,4,6,1,2
44,6697,4,9,0,2
32,7330,2,5,1,2
44,14675,1,3,0,0
57,738,2,8,1,0
63,4455,4,4,1,0
61,2949,2,6,0,0
28,8125,0,1,0,0
47,11293,0,5,1,0
25,4002,4,4,1,0
50,7213,3,1,0,0
64,15557,3,2,1,2
23,18829,0,7,0,1
49,778,0,1,1,0
62,12735,1,1,0,1
58,1000,1,0,1,2
38,10646,1,0,1,2
25,17649,2,4,0,0
61,16061,1,4,1,0
61,5038,0,6,0,0
46,5542,2,5,0,0
64,15778,3,5,1,2
21,16484,3,9,1,2
48,5977,1,2,0,0
22,559,1,7,0,0
62,9166,2,0,0,0
50,12583,0,8,0,0
61,9153,4,3,1,0
45,18727,4,3,0,0
24,16365,0,1,1,2
22,15863,4,5,0,0
35,895,0,3,0,0
53,17145,2,9,1,1
27,15227,3,1,1,0
58,8240,1,4,0,0
31,11996,1,9,0,0
42,16572,0,8,0,0
29,18171,3,7,1,2
41,11241,0,5,0,0
40,1306,2,8,0,0
21,12561,1,2,1,2
45,13760,4,8,1,2
55,1648,4,5,1,0
62,16437,4,3,0,0
35,4430,3,2,1,2
59,17864,2,5,0,1
59,11243,1,0,1,0
64,6781,0,7,0,0
37,1646,4,2,1,0
58,848,1,3,0,0
45,14958,2,1,0,0
23,7854,0,4,1,0
32,16881,1,3,0,1
50,4995,3,1,1,2
28,18447,2,8,1,1
40,18860,2,7,1,1
55,2484,1,3,0,0
27,13115,0,0,1,1
42,18824,4,8,0,2
30,6800,2,6,0,0
44,1818,1,5,0,0
31,17571,1,6,0,1
63,9744,3,0,0,0
24,1027,2,4,0,0
63,16884,1,1,0,0
55,13737,4,6,0,2
58,1871,4,9,0,2
58,5544,0,5,1,0
29,855,3,6,0,2
61,19120,4,6,1,2
47,986,2,9,1,0
63,16019,0,0,0,0
59,10469,0,3,1,2
46,11863,3,2,0,0
37,16326,4,7,0,2
26,17951,0,4,1,0
25,2984,2,7,0,0
38,848,2,4,0,0
56,2929,1,9,0,0
43,13808,3,7,0,2
42,11586,4,0,0,0
31,2135,1,9,1,0
45,5068,0,9,0,0
49,10976,1,0,1,0
64,14739,1,3,0,1
53,7196,3,9,1,2
47,19017,2,8,1,1
61,19848,0,4,1,0
39,15437,1,5,1,2
62,9358,3,0,0,0
37,17604,2,5,1,0
26,14693,2,6,0,1
39,10631,1,3,1,0
26,9153,1,3,1,0
26,16730,0,8,1,2
59,11362,0,4,0,0
55,4066,0,2,1,2
30,19996,3,3,1,1
57,1832,0,4,1,2
24,14052,2,2,1,2
33,13291,4,5,1,0
52,11930,3,8,1,2
34,1513,2,7,1,2
53,10105,0,2,0,0
59,17903,2,4,1,0
23,5170,4,5,0,0
22,13985,1,6,1,2
62,17245,4,7,0,2
43,19067,3,4,0,0
43,10564,1,3,0,0
41,6620,0,6,0,0
40,14142,0,1,0,0
51,9980,1,6,0,0
46,12728,1,8,0,1
28,14962,3,7,0,2
48,14350,2,4,1,0
50,5234,2,8,0,0
25,15238,3,5,1,2
37,11066,3,5,0,0
55,18649,3,8,0,2
48,13359,4,1,0,0
27,17890,1,7,0,1
22,19586,4,6,1,2
46,19892,2,5,1,2
41,15021,0,0,0,0
63,12147,0,7,1,2
43,2803,0,2,0,0
61,8029,4,8,1,2
30,9769,0,7,0,0
40,15720,4,3,0,0
27,11981,3,4,0,0
46,9063,2,0,0,0
29,3359,4,4,1,2
42,14458,4,0,1,2
36,8923,4,9,1,2
29,1204,2,6,1,0
25,6038,1,2,0,0
43,17649,0,8,1,2
62,2817,4,0,1,2
29,8419,4,5,1,0
38,10484,2,1,0,0
30,2132,0,0,1,2
56,3729,4,2,1,2
39,18835,1,2,0,0
63,12015,2,7,1,0
31,4601,3,8,1,2
24,3809,0,7,1,2
46,8801,0,7,1,0
49,14610,0,5,0,1
64,14742,4,3,1,0
59,4307,4,2,1,0
59,14649,2,9,0,1
48,17977,2,5,1,2
36,4913,2,5,0,0
39,1011,1,0,1,0
26,19198,2,4,0,0
39,10678,1,6,0,0
37,15640,3,4,0,0
22,6742,1,6,0,0
29,6333,3,8,1,2
44,4888,4,0,0,0
37,4731,1,9,1,2
64,9696,0,8,0,0
42,2562,2,4,0,0
63,16919,0,7,1,0
50,10468,1,0,0,0
22,18347,3,3,0,0
29,10292,2,1,1,2
52,6413,2,6,0,0
44,10540,3,8,1,2
34,3507,0,6,1,2
43,16569,2,7,1,2
60,14542,0,1,0,1
38,3369,2,9,0,0
22,11848,1,1,1,2
34,10990,4,5,1,0
62,4419,1,6,1,2
54,2880,1,8,0,0
57,15325,0,9,1,0
61,5648,0,5,1,0
26,10619,1,5,1,0
33,5330,1,4,1,0
23,13241,3,5,0,1
21,1455,4,6,0,2
57,7507,4,6,0,2
62,11167,4,5,1,0
27,9062,4,4,1,2
52,12441,2,1,0,1
44,4016,1,0,0,0
24,9115,3,4,0,0
61,15252,1,3,0,0
59,7005,3,6,0,2
45,3561,4,9,1,2
52,17031,0,7,1,2
38,15676,3,8,0,2
55,13768,4,5,0,0
40,16061,2,9,0,0
64,15686,1,9,0,0
23,15058,1,1,0,0
28,10433,0,6,0,0
63,878,1,5,0,0
33,12143,3,9,0,2
34,5826,2,5,1,2
55,15579,1,0,0,1
29,9632,2,2,0,0
43,18152,4,1,0,0
33,12113,0,2,0,0
29,11235,0,0,1,2
63,18424,4,7,0,2
29,9763,3,4,0,0
25,7824,2,6,1,2
50,7744,4,9,0,2
59,17562,2,6,0,1
26,15247,2,4,0,0
52,3686,1,2,0,0
44,10103,4,7,1,2
57,7739,3,5,1,2
26,13110,1,7,0,0
63,1519,3,0,0,0
48,14425,3,1,0,0
58,14978,0,1,1,0
36,4918,0,6,1,0
62,3437,2,5,0,0
48,12736,3,3,1,2
26,5511,3,3,0,0
61,18860,1,6,1,2
56,15617,4,9,0,2
34,19122,2,9,0,0
45,10926,1,4,1,2
38,18800,0,6,1,0
44,772,4,0,0,0
63,6153,3,9,1,2
60,543,2,0,0,0
30,13712,1,3,0,0
63,10457,0,7,1,2
40,6109,0,9,1,0
52,6446,0,1,0,0
54,13053,2,6,1,0
42,4016,0,1,1,0
41,10533,0,0,0,0
41,12465,1,4,1,1
58,5179,3,5,0,0
37,4954,2,2,1,2
33,7407,0,9,0,0
36,12048,3,6,0,2
29,5460,2,4,0,0
38,7895,0,4,0,0
26,11097,3,4,0,0
24,4141,4,1,1,2
52,11594,2,6,0,0
24,3193,0,7,0,0
46,3279,1,4,0,0
55,5118,2,4,0,0
52,6086,4,9,0,2
40,1081,4,6,1,2
29,19251,4,2,0,0
61,6508,4,0,1,2
57,16190,2,8,1,1
47,18088,3,6,0,2
24,16112,3,6,1,2
22,16711,3,2,0,0
34,2451,3,1,1,0
27,7754,0,4,1,2
58,15050,4,7,1,2
30,11728,0,2,1,0
33,610,2,5,0,0
63,11563,2,9,0,0
57,16187,4,2,1,1
30,16660,0,2,0,0
37,7985,2,2,1,2
43,5107,1,9,0,0
50,6536,0,5,0,0
62,6279,1,9,0,0
59,7258,2,9,1,0
63,6384,4,4,0,0
22,9415,1,0,0,0
31,1296,4,3,1,2
45,5866,3,5,0,0
23,6636,4,3,0,0
36,3490,4,0,0,0
27,17619,3,9,0,2
62,13671,3,3,0,0
23,18283,0,6,1,2
27,11450,3,9,0,2
29,2637,0,5,0,0
27,18140,3,6,0,2
46,9432,3,0,0,0
37,13846,3,6,0,2
61,7936,3,8,1,2
32,10138,1,9,1,0
44,10042,1,0,0,0
50,6051,2,2,0,0
48,11317,2,0,1,0
56,14807,1,9,0,0
29,895,2,2,0,0
43,3052,2,5,0,0
56,16923,1,4,0,0
58,11607,3,6,1,2
48,19486,1,8,1,1
49,12291,1,3,0,0
59,13241,2,7,0,1
48,18030,0,2,0,0
62,13378,3,1,1,0
26,6927,3,1,0,0
36,10795,4,3,0,0
25,5094,1,5,1,0
24,7018,2,7,1,0
41,13765,2,8,0,1
30,3405,3,5,0,0
38,13603,3,4,0,0
40,11889,4,1,1,0
48,6513,4,9,1,2
62,1376,0,3,1,2
58,14240,1,7,0,0
37,16577,3,6,0,2
35,14736,2,9,0,1
54,8707,2,9,0,0
26,13243,0,7,0,0
44,8587,2,6,0,0
39,7486,3,1,0,0
29,6879,0,0,1,0
48,4611,2,5,1,0
35,19402,4,7,0,2
29,13491,2,7,0,0
49,3910,4,2,1,2
28,17368,1,5,0,0
50,3450,0,8,0,0
28,12076,3,0,1,1
40,3727,1,3,0,0
56,7544,0,9,0,0
31,13341,0,1,1,2
54,19982,4,3,1,1
52,19841,3,4,0,0
60,17963,1,6,1,1
28,5091,2,2,0,0
52,2323,1,7,1,0
62,18159,0,2,1,1
54,18501,4,3,1,2
29,5933,4,5,1,2
57,873,1,0,1,0
25,13134,1,7,0,0
46,1983,4,6,1,2
42,1289,2,8,0,0
44,18774,1,2,0,1
43,10165,1,3,0,0
22,2684,2,8,0,0
43,13264,2,0,1,2
62,7699,0,4,0,0
40,10958,2,4,0,0
33,18027,2,4,0,0
64,5137,1,4,1,2
25,13106,1,7,1,2
42,16655,2,1,1,0
43,8763,1,8,0,0
42,19417,4,8,1,2
61,9241,2,1,0,0
39,9454,2,9,0,0
63,17741,1,2,1,1
23,12900,4,0,0,0
53,17439,0,3,1,0
47,15913,2,7,0,0
31,14391,0,8,1,2
31,5209,3,6,0,2
52,8277,1,8,1,0
49,17356,1,2,0,1
47,12512,0,8,1,0
23,5963,3,6,1,2
47,6883,1,1,0,0
64,15628,1,1,0,0
21,3974,4,2,1,0
41,2685,0,0,0,0
42,15419,2,2,0,0
60,6123,0,9,1,2
33,15425,0,2,0,0
41,10905,0,6,1,0
52,19957,0,9,1,2
23,10735,4,2,0,0
56,17415,2,6,0,0
57,17083,4,4,1,0
52,4633,1,2,1,0
49,19924,3,9,1,2
53,15043,0,6,1,1
55,2590,0,4,0,0
60,617,0,8,0,0
39,5792,4,9,1,2
41,816,3,7,1,2
49,7473,3,8,0,2
29,19929,4,3,0,0
58,9838,1,3,0,0
54,966,3,2,1,0
48,10131,2,6,0,0
34,4772,2,8,0,0
36,17195,3,6,0,2
40,2266,2,5,1,2
50,15525,0,7,1,2
55,9196,0,1,1,0
50,867,2,3,1,0
61,13626,2,7,1,2
63,9372,3,0,0,0
52,15545,2,9,1,2
37,12552,0,1,1,2
47,15851,1,7,1,2
39,9477,2,6,0,0
48,654,4,8,0,2
56,3047,2,7,0,0
37,9448,3,5,0,0
43,8250,3,7,1,2
23,15990,1,3,0,0
53,8527,4,5,0,0
42,17273,3,9,0,2
41,4160,4,0,1,0
44,8005,3,3,0,0
30,15247,3,0,0,1
47,2919,0,5,0,0
53,6767,2,7,1,2
36,15161,0,0,0,0
26,11985,3,5,0,0
38,15672,3,4,1,1
29,10556,2,7,0,0
37,17254,1,2,0,0
48,17609,0,1,1,2
25,19503,3,0,0,0
53,2879,3,4,1,0
30,12028,2,4,1,2
60,2728,3,9,0,2
53,4963,3,4,0,0
32,6356,2,1,1,2
45,13099,0,6,0,1
25,8908,4,0,0,0
25,17362,2,3,1,0
63,6321,3,6,0,2
56,12535,4,2,0,0
27,15382,1,5,0,0
33,19616,3,4,1,0
29,5282,0,9,1,2
38,14805,4,2,1,2
33,2153,0,9,1,2
35,11096,2,6,1,0
44,8569,1,7,1,2
29,19191,0,1,0,0
59,15580,2,0,1,2
53,18581,4,7,1,2
54,17085,0,4,0,0
28,8508,1,3,1,2
52,14800,0,8,0,0
57,1094,0,3,1,2
28,11378,1,4,0,0
54,1422,2,7,1,2
36,14621,3,9,1,2
55,19351,3,8,1,2
42,13787,3,6,0,2
56,16878,3,1,0,1
27,5070,1,1,1,2
38,19881,4,6,1,2
33,11239,0,5,1,0
31,13651,3,1,0,0
34,15526,0,6,1,1
37,12972,3,9,0,2
26,6683,0,0,0,0
52,12422,1,8,0,0
45,13252,1,3,0,0
57,17218,3,3,1,1
52,9888,0,7,1,2
27,10285,1,2,0,0
24,10311,1,1,1,0
39,2731,3,9,0,2
42,2256,4,3,0,0
31,898,3,1,0,0
55,13491,2,6,1,1
46,8667,1,2,0,0
53,17380,4,7,1,2
25,14193,0,0,0,0
56,3257,0,5,0,0
30,2451,1,4,1,2
40,7639,1,9,1,0
40,18458,2,5,0,0
57,1449,4,9,0,2
33,4154,3,2,1,0
31,1077,1,4,1,2
35,8566,1,8,0,0
36,19798,3,1,0,1
28,13832,1,9,0,1
28,10122,4,7,0,2
31,3315,2,6,1,2
41,7432,2,2,0,0
36,10728,4,8,1,2
38,5860,1,8,1,0
52,14248,2,2,0,1
31,19610,2,5,1,1
61,4515,1,0,1,2
54,5418,0,3,0,0
28,2961,1,1,0,0
34,14651,0,5,0,0
29,9503,3,5,0,0
33,6033,0,5,0,0
37,4774,1,6,1,2
26,1874,4,9,0,2
21,9785,2,1,0,0
40,13823,3,2,1,2
51,5083,3,2,0,0
34,531,1,9,0,0
58,9729,3,0,0,0
37,13677,1,0,1,2
60,7227,3,1,1,0
31,5382,3,7,1,2
44,3508,4,5,1,2
54,15049,4,9,0,2
23,17300,0,2,0,0
61,15510,1,3,1,2
37,10604,2,5,0,0
42,14620,1,0,1,1
48,8239,3,9,1,2
49,977,4,8,1,2
22,7667,1,1,0,0
59,14222,4,8,1,2
48,13123,4,4,0,0
64,19807,4,3,0,1
41,19951,0,9,1,2
47,5231,1,5,0,0
40,686,0,2,0,0
60,5847,0,8,1,2
57,17584,0,7,0,1
60,16363,2,1,0,1
43,2425,0,6,0,0
55,3627,1,6,1,2
36,11488,4,2,1,0
41,13381,4,4,1,2
54,19655,4,8,0,2
24,15223,0,1,0,1
52,4631,3,7,0,2
21,1224,3,8,0,2
46,12855,0,9,0,1
41,11298,4,3,0,0
41,18474,2,2,1,2
42,11729,4,9,1,2
42,10274,0,4,0,0
38,6417,3,5,0,0
40,2182,0,5,0,0
45,17588,4,5,0,1
54,16608,3,6,0,2
45,3673,0,4,1,0
49,14225,1,3,0,0
57,7601,1,4,1,0
64,9022,0,6,0,0
25,17049,0,8,1,0
52,16919,4,5,1,2
30,4217,4,6,1,2
29,6498,2,4,1,0
55,16516,4,7,0,2
24,18381,3,3,0,0
58,2041,0,4,1,2
54,16755,3,0,1,0
64,10039,0,2,1,2
50,12011,4,7,0,2
59,1968,1,0,0,0
26,13766,0,2,0,0
60,13719,1,7,0,0
28,13422,3,8,0,2
34,15916,4,4,0,0
26,18948,2,4,1,1
38,17072,0,5,1,2
53,15023,4,7,0,2
32,19634,3,4,1,0
57,13653,2,1,1,2
47,13604,2,4,1,0
48,11070,4,2,1,2
62,15496,1,6,1,2
40,1891,0,1,0,0
36,10362,0,6,0,0
64,8793,3,1,0,0
45,18298,4,9,1,2
48,1914,3,6,1,2
34,13053,3,1,1,0
30,4094,1,9,0,0
28,17729,2,5,1,0
30,17111,0,6,1,0
29,5091,1,0,0,0
53,17498,3,1,1,2
23,10186,4,8,1,2
48,19435,4,4,1,2
62,14731,4,6,1,2
54,1172,0,9,1,0
38,4453,4,4,0,0
23,8370,1,3,1,0
57,4621,3,8,1,2
21,3082,4,0,1,0
50,19571,4,4,0,1
50,17446,3,8,1,2
29,8974,1,2,0,0
53,4693,2,3,0,0
28,4045,3,4,1,0
30,18357,2,0,0,1
56,6963,2,0,0,0
64,745,2,2,1,2
32,8248,2,8,1,2
61,9359,0,2,1,0
61,12650,4,7,1,2
54,7104,0,4,0,0
27,18498,4,7,0,2
34,13049,0,3,1,2
50,19738,2,8,0,1
64,7656,2,3,0,0
56,13208,2,7,0,0
39,7624,2,8,0,0
31,14148,4,4,0,1
63,15040,0,6,1,1
33,6775,4,1,1,0
36,18784,3,4,1,2
63,17214,3,3,0,1
45,17942,0,9,1,0
32,4747,0,9,1,2
21,14498,1,7,1,2
39,2574,1,9,0,0
64,2557,3,9,1,2
40,19478,4,7,0,2
51,3481,2,5,1,2
32,17350,3,2,1,0
55,8900,0,8,0,0
55,6421,3,1,0,0
47,1933,0,1,0,0
54,13665,3,8,1,2
46,14565,1,1,0,1
37,9606,2,1,1,2
53,16293,1,5,1,2
57,6801,2,5,1,0
58,11257,4,0,0,0
30,6092,4,3,0,0
50,11853,1,2,1,0
21,3152,1,3,0,0
46,9785,2,1,0,0
46,11211,3,6,1,2
36,11352,0,4,0,0
64,9208,3,9,0,2
59,13049,4,0,1,1
22,10487,4,7,1,2
30,6023,2,9,0,0
30,4699,1,4,1,2
60,13130,1,6,1,2
43,18802,3,4,1,2
53,15187,2,5,1,2
56,12952,0,9,1,0
54,18469,3,5,0,0
24,18042,0,5,1,0
27,10376,4,9,1,2
38,2630,2,4,0,0
35,12868,1,1,0,1
53,12645,0,6,1,1
27,5908,0,6,1,0
37,17064,4,2,1,2
31,17464,2,7,1,0
29,6952,4,0,0,0
28,9798,4,3,0,0
29,4305,0,8,1,0
45,3977,1,6,1,2
39,5667,4,6,0,2
40,7632,2,6,1,0
42,5822,2,1,0,0
53,3456,2,9,0,0
58,9220,3,2,1,2
44,12659,4,7,0,2
49,6856,4,9,1,2
53,10904,3,2,1,2
51,5789,2,6,0,0
26,14225,1,0,0,1
64,13145,0,6,1,0
28,19221,3,4,0,1
39,1534,0,0,0,0
49,17136,3,6,0,2
38,7137,2,9,0,0
31,1787,3,0,0,0
61,13950,4,8,0,2
24,3848,2,8,0,0
31,3929,2,5,1,0
64,19603,2,9,1,1
53,4808,1,3,0,0
24,11169,0,7,0,0
54,4412,0,6,0,0
63,2917,3,5,0,0
25,518,4,8,1,2
39,812,0,8,0,0
41,9738,1,7,0,0
26,8963,3,5,0,0
29,1259,3,9,0,2
28,7317,3,5,0,0
29,5822,3,6,0,2
38,11640,0,1,0,0
41,19898,1,3,1,2
31,13986,2,9,1,2
33,18408,0,4,1,2
29,4248,1,5,1,0
56,4693,1,8,1,0
30,15140,4,3,1,1
60,6545,1,2,0,0
44,17051,4,0,1,2
56,9542,3,2,0,0
49,4416,3,5,1,0
32,16966,4,7,1,2
47,11233,4,3,0,0
33,16151,1,4,0,0
26,9318,2,2,0,0
32,2961,2,8,0,0
33,13780,4,5,0,0
26,2926,0,1,0,0
22,13434,2,6,1,0
62,8626,1,3,0,0
43,15934,1,8,1,1
38,17466,3,2,0,1
61,8443,1,8,1,2
30,17700,3,6,1,2
38,2662,4,1,0,0
58,2593,3,7,0,2
48,19874,0,7,1,1
38,11698,0,4,1,2
32,9288,2,1,0,0
22,3535,2,4,0,0
24,6135,3,6,1,2
28,13879,2,1,1,0
55,16523,0,3,0,0
49,18370,4,7,1,2
40,8450,4,5,1,2
55,9368,3,9,1,2
28,3684,3,2,0,0
30,2120,4,7,0,2
38,9038,2,4,1,2
61,11795,0,2,1,0
48,2534,3,9,1,2
58,8466,2,6,0,0
31,13010,3,5,1,1
58,16312,3,2,1,2
24,18800,2,8,1,1
31,7136,1,0,1,0
44,8138,2,1,0,0
23,17560,3,1,1,0
58,14018,3,6,0,2
59,5837,2,1,1,0
44,13860,2,7,1,1
34,3571,4,1,1,2
25,9256,1,6,0,0
48,6476,0,7,1,0
44,19856,3,8,1,2
54,1180,4,2,0,0
47,17206,3,0,0,0
26,5984,2,7,0,0
26,1206,1,4,0,0
55,13372,2,9,1,2
27,13721,0,1,1,0
62,3274,2,5,1,2
25,1247,1,1,1,0
53,2671,1,4,0,0
63,8472,2,0,1,0
40,3081,4,7,0,2
23,14209,1,6,0,1
59,2012,4,0,1,0
29,15883,2,4,1,1
44,17555,4,4,0,1
64,14478,1,6,0,0
53,18910,4,4,0,0
23,18815,3,4,0,1
57,1407,3,8,0,2
28,7168,2,5,0,0
53,15321,2,8,0,1
48,7122,2,8,0,0
33,14874,4,8,1,2
39,15598,3,9,0,2
26,19939,0,6,0,1
64,6932,3,5,1,2
31,7283,4,5,0,0
34,973,3,2,1,2
43,6067,2,8,1,2
50,5970,1,6,1,0
43,9335,3,8,0,2
43,8713,3,7,0,2
46,17203,1,4,0,0
58,15588,2,2,0,0
38,14707,1,9,0,0
57,601,0,7,1,0
55,9696,0,8,0,0
63,14727,0,5,1,1
61,5268,2,5,1,2
56,8784,2,0,0,0
31,14676,2,0,0,1
55,15993,4,7,1,2
53,17163,1,2,0,1
33,8881,1,0,1,2
50,8299,1,7,0,0
32,7962,1,6,0,0
44,13537,2,1,0,1
56,8681,1,4,0,0
29,8304,1,4,0,0
35,3781,3,0,1,2
55,9830,4,6,0,2
40,5127,1,3,1,2
63,10735,0,8,0,0
21,17828,1,1,0,0
52,15626,2,8,0,0
56,9822,4,0,0,0
61,19561,0,7,1,2
27,19614,0,7,0,1
64,9165,2,4,0,0
38,15388,4,2,1,2
36,7175,2,1,0,0
36,17633,4,3,1,2
49,7785,3,6,1,2
50,5536,0,7,1,0
41,3110,2,1,0,0
24,16931,3,0,0,0
64,6290,2,5,1,2
30,16359,0,5,0,0
25,2185,0,9,0,0
47,10267,3,7,1,2
39,8843,2,5,0,0
48,9056,2,5,1,0
59,3763,1,6,1,2
25,1940,1,4,1,0
33,7254,3,6,0,2
43,9669,0,1,1,0
55,15974,2,8,0,1
47,9517,1,8,1,2
37,5295,3,4,1,0
47,5618,3,4,0,0
64,12431,2,4,1,1
42,8995,1,8,1,2
59,18073,1,1,0,0
55,9075,1,3,0,0
34,11555,1,6,1,0
31,1746,3,6,0,2
54,4278,0,2,0,0
30,17078,0,1,0,0
35,7222,2,5,1,2
31,8709,1,6,1,2
47,12012,4,7,0,2
33,1628,3,0,0,0
49,10378,3,0,1,2
62,7250,2,3,0,0
57,3398,2,5,0,0
62,8657,2,0,1,2
22,9212,0,1,1,2
41,4133,2,4,0,0
30,11089,4,2,0,0
61,15050,1,7,0,0
52,5712,0,0,1,2
35,19347,2,8,1,0
45,12442,1,1,1,1
47,15575,3,4,0,0
42,1868,4,9,1,2
41,15465,4,6,0,2
23,7063,1,9,1,0
40,14347,4,0,1,2
36,16183,0,7,0,0
57,5382,1,0,1,0
59,5556,1,6,1,0
54,1660,4,3,1,0
22,12300,3,7,0,2
58,15593,1,1,0,0
38,8495,0,8,1,0
39,3639,3,4,1,0
62,6670,3,5,1,2
59,8355,4,5,0,0
23,18364,2,0,0,0
36,2918,0,3,0,0
53,7193,1,7,0,0
44,12942,3,9,1,2
32,5115,1,9,1,0
44,17752,0,5,0,0
59,18231,4,2,1,0
30,7912,2,4,0,0
53,15045,1,4,1,0
53,15240,2,3,1,2
59,13795,3,3,1,0
34,4136,0,8,0,0
30,1465,2,3,0,0
45,7270,1,0,0,0
44,3058,0,7,1,0
39,6200,0,6,0,0
55,12947,2,3,1,2
56,11981,2,6,1,0
31,4583,2,9,1,2
56,845,3,9,1,2
31,4899,2,7,1,2
38,9368,2,5,1,2
22,15693,4,0,1,2
35,7620,3,5,1,0
63,6075,4,8,1,2
40,11251,1,8,1,0
52,1895,3,7,1,2
25,4896,3,9,1,2
48,1210,2,5,1,2
37,10749,0,1,0,0
53,9141,2,4,1,2
61,11859,4,3,1,0
44,12534,3,8,0,2
25,8204,0,7,1,2
41,17443,1,4,0,0
26,18405,2,3,1,2
40,2660,4,1,1,2
23,18442,2,0,1,1
49,4335,4,3,1,0
34,5343,3,2,1,0
29,10831,1,2,1,0
21,1073,0,9,1,2
60,7600,4,6,1,2
57,4294,2,5,1,0
56,9909,4,1,0,0
23,16386,4,8,1,2
36,18520,2,6,0,0
63,4637,0,5,0,0
46,11125,4,4,1,0
26,9751,2,5,1,0
27,8594,0,8,1,0
32,12837,2,7,0,1
63,19794,0,4,0,0
28,8402,1,6,1,0
60,1771,1,9,0,0
50,18361,2,3,0,0
61,18676,2,9,0,1
57,6786,4,6,1,2
35,10282,1,1,0,0
57,17320,3,9,0,2
28,10323,4,6,1,2
33,9883,3,3,1,0
30,18478,1,2,0,0
26,16661,3,9,0,2
24,10392,1,8,0,0
29,3649,2,0,0,0
26,9048,3,6,1,2
37,13690,1,1,0,0
24,5813,0,2,1,2
23,10976,4,5,0,0
64,13346,3,2,1,0
24,2157,0,5,0,0
24,11608,1,4,0,0
22,14882,1,5,1,1
26,4679,4,8,0,2
44,11194,4,1,1,2
57,14333,3,7,0,2
53,1363,2,2,1,2
46,13059,0,0,1,2
24,5565,1,4,1,2
55,8248,0,3,0,0
22,13136,3,1,0,0
48,585,0,4,1,0
39,827,3,8,1,2
59,9208,4,5,1,2
34,19020,1,7,1,1
49,618,3,1,1,0
40,15881,4,0,1,2
43,1962,2,3,0,0
62,10034,2,7,0,0
52,8896,1,8,0,0
39,9627,2,1,1,0
40,2097,4,4,1,0
52,15193,3,3,0,0
36,5875,1,7,0,0
28,15535,2,2,0,1
41,13282,3,4,1,2
24,11250,0,8,0,0
28,6517,3,4,0,0
39,13219,1,7,0,1
56,19954,1,6,1,1
55,18500,2,5,1,0
32,18367,2,2,1,2
39,4784,4,9,1,2
27,11913,1,2,0,0
54,8257,1,9,0,0
31,19355,1,9,1,0
56,19026,4,5,1,0
58,17426,4,8,1,2
51,3673,2,7,1,0
35,6718,3,7,1,2
62,14369,4,0,1,2
51,15117,4,1,0,0
49,7330,3,0,0,0
58,3168,2,0,0,0
59,3169,4,8,0,2
24,13848,1,1,1,1
59,9356,1,0,1,0
54,10076,3,9,0,2
30,16399,0,2,1,1
34,828,2,8,1,0
54,15213,4,9,1,2
30,5847,0,5,0,0
40,18658,4,9,0,2
51,19129,2,9,1,2
49,10291,4,1,0,0
61,6658,3,1,0,0
25,5047,0,3,1,2
33,4038,3,5,1,2
64,19984,0,7,0,0
46,4156,1,1,0,0
31,9208,4,1,1,0
33,9844,4,3,0,0
35,13744,0,2,1,1
45,16931,1,9,0,1
33,11380,0,3,0,0
48,15281,1,8,1,2
40,11550,4,0,0,0
47,9018,0,1,0,0
27,3576,3,8,1,2
48,4570,4,2,1,2
61,8932,4,0,0,0
26,1398,1,5,0,0
35,6669,3,1,0,0
51,9521,2,0,1,2
48,9716,0,4,1,2
50,16388,1,5,1,2
45,19369,3,5,0,0
51,14728,3,5,0,0
47,2050,2,0,0,0
24,8467,3,2,0,0
54,14733,3,3,0,0
40,12096,1,2,0,1
23,9426,1,5,0,0
38,9006,4,2,1,0
40,8416,4,6,0,2
24,11790,0,9,1,2
64,3986,3,6,0,2
30,10591,0,3,0,0
35,4514,4,4,1,2
40,13778,2,5,1,0
57,17362,3,7,1,2
53,10400,3,3,1,2
54,8057,3,0,0,0
31,18841,1,7,1,2
58,13363,4,6,1,2
57,8846,2,1,1,2
41,1061,2,6,1,0
45,810,1,0,1,0
22,4818,0,6,1,0
54,5109,2,7,1,0
63,14567,1,0,0,0
41,10261,3,7,1,2
44,19999,1,1,1,2
42,11041,4,2,0,0
24,18110,3,7,0,2
48,11271,2,3,1,2
52,7484,3,9,0,2
61,14433,3,9,1,2
61,9263,3,9,0,2
42,5855,2,1,1,0
63,9727,4,1,1,2
44,13465,1,1,0,1
49,7823,2,5,0,0
47,14228,1,4,1,0
64,19623,2,7,0,1
53,8519,4,2,0,0
26,6257,3,1,1,0
24,8342,1,6,1,0
39,16846,4,6,0,2
43,3989,3,6,0,2
50,19486,2,3,1,0
42,8572,0,5,1,0
43,16911,2,9,0,0
61,15842,4,6,0,2
35,15779,2,9,0,1
42,18224,0,4,0,0
45,4104,0,0,1,2
41,12075,4,7,0,2
63,2430,2,4,1,2
63,6337,3,0,0,0
43,1291,1,1,1,0
40,13804,0,3,0,0
46,12350,2,1,1,2
28,14932,3,6,1,2
39,3936,1,6,0,0
30,6978,3,3,1,2
27,13688,2,0,0,0
25,16617,1,0,1,0
46,17770,1,9,1,1
21,1937,1,3,1,0
49,8349,1,1,1,2
40,709,3,7,0,2
37,16461,1,8,0,0
54,2897,3,1,1,0
44,16531,1,9,0,0
53,3542,1,7,1,0
52,799,4,2,1,0
22,17639,4,7,0,2
30,9056,2,4,1,2
46,8787,1,6,1,0
63,13111,3,1,0,0
27,5861,0,2,1,0
25,13970,2,7,0,1
62,8866,2,8,1,2
63,5816,3,0,1,0
28,8199,0,2,1,0
38,619,0,6,0,0
48,6378,1,9,0,0
29,12033,0,6,0,0
35,3189,2,7,1,2
38,2811,4,3,1,0
49,13290,1,0,0,0
34,8850,2,7,0,0
39,3163,1,7,1,0
33,15082,0,4,0,1
54,15620,3,5,0,0
27,1177,1,2,1,2
31,4432,2,4,0,0
31,7721,3,2,1,2
60,14761,4,4,0,1
62,1943,0,1,1,0
43,16208,2,6,0,0
27,6729,4,2,1,2
54,2943,2,7,0,0
42,17335,0,5,1,0
58,2191,1,8,0,0
36,3026,3,2,0,0
64,19016,3,2,1,0
56,10631,1,2,0,0
30,9529,0,6,1,0
52,13903,1,1,1,0
33,12789,1,6,0,0
36,12464,3,8,0,2
32,953,4,6,1,2
51,11258,0,1,0,0
32,5934,3,4,1,2
49,16249,3,5,0,0
46,10355,3,3,0,0
54,2913,4,4,0,0
64,17781,0,7,1,2
21,6043,3,8,0,2
64,5793,0,3,0,0
25,18757,4,3,1,2
44,15616,2,2,0,1
35,17260,0,4,0,0
49,13413,3,5,0,0
52,18254,3,7,1,2
58,2747,2,2,0,0
38,12199,1,2,0,0
62,6220,0,0,1,0
35,8269,4,0,0,0
29,5138,0,0,1,0
37,4498,4,2,1,0
44,9129,2,6,0,0
50,18406,3,7,1,2
57,12889,3,9,1,2
30,7312,4,5,0,0
34,8951,0,4,0,0
62,10831,4,8,0,2
40,5268,0,1,0,0
31,10663,4,6,0,2
64,14069,1,8,1,0
40,5241,4,5,1,2
64,11897,0,2,1,0
61,14313,2,6,0,1
60,10626,2,9,1,2
46,6193,4,2,0,0
56,11311,0,5,0,0
63,15968,0,0,1,0
32,4827,3,2,0,0
22,11706,0,7,1,2
35,13768,3,4,0,0
49,6769,0,1,0,0
45,8056,4,3,1,2
24,17832,2,1,0,1
45,7587,4,7,0,2
28,12165,0,9,0,0
43,3419,1,1,1,0
46,18556,2,2,1,2
49,12138,0,8,0,1
39,15327,0,8,0,0
38,12251,1,7,0,0
50,7432,3,7,1,2
53,7135,3,8,0,2
56,14173,0,3,1,0
35,17267,0,8,1,2
39,2989,3,8,0,2
35,16986,1,2,1,2
44,16685,3,0,1,2
26,2626,1,5,1,2
39,2609,1,7,1,0
29,14053,1,8,1,2
44,16934,1,1,0,1
58,8179,3,3,1,0
64,12992,2,7,1,1
40,19994,3,0,0,1
23,6794,0,7,1,0
31,4887,2,2,1,2
25,19836,2,0,1,2
54,5970,4,2,1,2
64,9715,2,7,0,0
45,9121,0,8,1,0
28,10702,3,0,1,2
21,5739,0,4,0,0
63,13740,4,2,0,0
34,13993,1,6,0,0
25,4410,3,7,0,2
28,9877,3,9,1,2
32,1618,2,3,0,0
49,4807,2,2,0,0
60,19750,0,3,0,1
33,10374,0,7,0,0
51,12643,3,4,1,2
23,17831,4,0,0,1
21,14417,4,9,0,2
23,15951,1,1,1,2
61,14385,1,9,1,2
46,10227,1,1,0,0
56,12835,3,5,0,1
21,6125,3,3,1,2
21,17863,3,6,1,2
58,4007,4,4,1,0
25,17739,1,3,1,0
27,17628,3,4,1,2
43,3274,2,9,1,2
47,14348,4,2,0,0
31,19798,1,2,0,0
40,11657,0,0,1,2
50,7136,1,7,1,0
40,17648,3,6,0,2
37,10494,4,6,1,2
24,2872,4,0,0,0
40,5360,0,7,1,2
56,13808,2,8,0,1
48,9379,0,9,1,2
60,4725,1,9,0,0
26,16081,4,2,0,1
21,2851,4,7,1,2
45,4771,0,4,0,0
28,9579,0,5,0,0
47,1270,3,3,0,0
60,8054,2,6,1,2
35,18244,2,9,0,0
45,18852,4,6,0,2
50,17503,4,9,1,2
27,6817,4,9,1,2
60,1764,3,1,0,0
29,16390,4,9,1,2
56,7779,3,8,1,2
50,15102,4,4,0,0
27,2823,2,6,0,0
52,13524,0,6,1,0
29,11934,4,7,1,2
47,18447,4,8,0,2
63,2487,1,1,0,0
62,8454,2,0,1,2
59,19803,2,2,1,2
42,8098,3,5,1,2
45,13331,3,8,0,2
34,3638,1,6,1,0
61,14703,4,1,0,1
41,5877,4,7,0,2
54,11658,4,4,1,0
36,17655,2,3,1,2
53,13390,0,7,1,0
30,9750,4,2,1,2
53,4206,0,6,0,0
23,7156,0,1,1,2
25,17060,1,3,1,2
36,4714,0,5,0,0
42,13297,3,6,1,2
52,9956,2,9,0,0
36,6757,1,2,0,0
21,14474,0,8,1,2
35,7561,1,8,0,0
40,6090,3,3,1,2
44,10820,3,1,1,0
49,15275,1,2,1,2
31,17350,0,6,1,0
47,12780,2,7,1,0
48,13408,3,6,0,2
55,15857,0,7,1,1
43,5750,3,1,1,2
56,5392,0,5,0,0
30,9937,1,8,1,2
52,12805,3,3,1,2
23,13096,0,8,0,0
25,3497,1,1,0,0
59,15721,0,9,0,0
41,7594,1,7,1,2
48,17607,3,6,0,2
47,14625,1,6,0,0
51,19667,0,9,1,2
31,12817,1,3,1,2
28,10786,0,1,1,0
22,4163,3,9,1,2
59,8273,4,1,1,2
30,17237,0,6,1,0
46,7949,3,2,0,0
41,1540,1,9,0,0
28,5280,0,9,1,0
39,12106,3,4,1,2
24,12767,1,5,1,0
28,19684,2,4,0,1
27,18710,2,4,0,0
57,10864,2,9,0,0
45,11312,0,2,0,0
61,16113,1,9,1,0
40,1448,3,6,1,2
29,12106,4,9,1,2
47,9743,0,6,1,2
61,15770,2,8,0,0
44,16106,4,4,1,2
21,13284,1,4,1,0
34,13317,2,2,1,0
61,13977,4,2,0,0
43,11812,4,0,0,0
62,4942,3,3,1,2
43,6048,3,9,0,2
21,14965,3,9,1,2
59,12558,1,6,1,2
54,5139,4,3,1,0
52,17618,0,5,1,2
63,19622,0,7,1,1
29,12708,3,0,1,2
60,4941,4,9,1,2
31,18796,4,8,0,2
63,5115,3,9,1,2
29,8933,1,0,1,2
45,17244,1,9,0,0
55,10653,2,6,0,0
24,5238,1,5,0,0
23,2061,2,1,0,0
58,7537,0,4,1,2
23,13605,1,3,1,2
48,14435,4,9,0,2
62,4847,3,3,0,0
48,3595,0,2,1,2
42,14178,1,9,1,0
39,3601,1,1,0,0
49,1752,1,9,1,0
46,9983,3,9,1,2
43,11632,4,3,0,0
27,5252,3,6,0,2
50,4618,2,7,1,2
53,5095,0,5,1,2
52,7185,0,6,1,0
24,680,4,1,1,2
51,729,3,5,1,2
53,7723,2,5,0,0
29,888,2,5,0,0
58,6705,4,9,1,2
44,11827,4,8,0,2
41,1107,0,6,0,0
52,12547,1,4,0,1
43,12614,0,4,1,2
44,11680,1,0,1,0
34,12719,3,5,1,1
61,16280,1,2,0,1
63,1880,0,8,0,0
26,3792,2,7,0,0
53,6682,2,9,0,0
22,13918,3,9,0,2
37,17519,0,4,0,1
63,18413,1,4,1,0
28,11852,3,6,0,2
37,8497,3,4,1,2
30,8533,4,2,1,0
53,1666,4,7,0,2
41,9569,4,4,0,0
47,10500,2,9,0,0
62,4561,4,2,1,0
43,15475,2,4,1,2
53,16331,4,5,1,2
25,6389,1,9,0,0
30,18323,2,5,1,2
62,2588,3,0,1,2
58,18257,1,3,1,2
49,15477,0,8,0,0
37,4866,4,2,0,0
29,13178,2,3,0,0
58,6559,4,1,1,0
55,16094,1,7,0,0
31,3632,4,1,1,0
46,5275,3,3,0,0
48,6490,3,7,1,2
42,4393,3,8,1,2
61,6989,1,2,0,0
26,12250,4,3,0,1
32,12845,4,1,0,1
25,11301,3,4,0,0
51,4198,4,9,1,2
49,4447,4,3,1,0
64,18428,3,2,1,2
44,5401,2,3,1,0
27,2510,4,8,0,2
40,9352,0,5,0,0
24,634,2,6,1,0
50,7181,4,7,0,2
50,17171,4,7,0,2
58,5714,1,5,0,0
35,14223,0,5,1,0
34,10051,1,5,1,0
24,7429,4,1,0,0
39,13400,2,4,1,2
41,12112,0,8,0,1
54,6705,0,0,1,0
54,4859,1,8,0,0
27,18378,1,5,1,2
33,3783,0,3,0,0
43,19210,2,1,1,2
35,9687,2,7,0,0
22,19936,0,0,0,0
58,7387,1,5,0,0
53,11527,3,1,0,0
43,12496,4,9,0,2
34,7104,4,1,0,0
58,4753,2,8,1,0
22,10646,0,5,1,0
40,13427,4,0,1,2
56,5597,4,7,0,2
62,15453,1,8,1,0
32,12958,2,2,1,2
49,3749,0,9,0,0
29,18803,4,7,0,2
26,1355,3,7,0,2
36,13247,0,3,1,2
59,9071,3,1,1,2
51,13249,2,4,0,0
42,15593,2,8,1,2
33,13900,1,5,1,2
27,13190,4,6,1,2
32,16897,2,7,1,0
27,14186,4,3,1,2
29,16367,0,0,0,1
51,8355,2,8,1,0
26,4455,1,6,0,0
23,5081,4,5,1,2
44,12436,2,5,0,0
33,10869,3,8,0,2
41,2004,0,7,1,0
27,4485,3,6,1,2
30,19367,0,7,1,1
40,14661,1,2,1,1
51,15222,1,7,1,2
39,4340,0,9,1,2
44,1752,2,2,1,0
43,6179,1,5,0,0
32,17209,2,6,1,0
33,10377,3,5,0,0
39,15800,0,9,1,2
22,9990,3,4,0,0
51,10058,1,2,0,0
48,12216,1,1,0,1
34,19199,2,8,0,0
37,9030,3,6,1,2
35,12117,3,5,1,2
49,18429,0,4,1,2
54,7759,2,4,0,0
25,16878,1,9,0,0
39,10933,1,6,0,0
21,17642,4,9,1,2
40,9622,0,8,1,2
31,12775,2,7,0,1
35,6804,2,5,0,0
41,12882,1,2,1,0
35,6861,3,6,1,2
38,12379,2,7,0,1
54,15880,3,5,0,0
56,8980,1,0,1,2
21,8870,4,9,1,2
37,6781,3,8,1,2
58,14744,1,3,1,2
44,12044,4,4,1,1
30,10570,4,1,0,0
47,997,2,9,1,2
27,2646,0,2,0,0
21,645,2,3,0,0
48,17079,3,4,0,0
43,17107,1,2,1,2
54,1824,0,6,0,0
36,1405,2,9,0,0
58,15737,4,8,1,2
39,10733,1,5,0,0
53,6524,2,1,1,0
25,12492,0,8,1,2
25,5111,3,2,1,2
55,4364,4,9,1,2
57,7665,3,3,1,2
62,17966,2,5,1,0
35,15459,0,4,1,2
21,4206,2,4,0,0
64,11453,4,1,0,0
47,17748,0,5,1,2
31,19056,1,4,0,1
54,15378,4,8,0,2
60,3012,2,4,0,0
33,5194,0,9,1,2
54,4762,0,2,1,0
55,3439,2,3,1,0
43,3918,2,0,1,0
48,6666,4,7,1,2
32,11332,4,0,1,2
61,8260,2,2,1,0
64,8705,2,9,1,2
64,5292,4,6,1,2
53,3445,3,5,0,0
22,19978,1,8,0,0
37,12180,3,7,0,2
40,4978,3,8,1,2
63,16294,1,6,1,1
45,16697,4,4,1,0
44,19352,1,1,1,0
27,3602,2,3,0,0
55,12979,2,7,0,1
35,19614,3,2,0,1
25,16230,4,6,1,2
64,4897,1,1,0,0
29,17914,1,0,0,0
21,8722,3,3,1,2
24,10033,4,2,0,0
40,11391,4,8,1,2
25,15542,3,3,1,0
58,2845,3,4,1,0
43,11015,3,4,0,0
35,16427,4,3,0,1
21,11195,0,9,0,0
42,5856,2,7,0,0
27,1597,0,1,1,0
64,11210,2,2,1,0
33,14215,1,0,0,1
41,11217,1,2,0,0
21,19597,4,6,0,2
26,12251,3,9,0,2
30,10410,2,4,1,2
23,1581,4,0,0,0
52,11392,0,0,0,0
62,3788,3,4,0,0
64,14632,0,2,1,0
32,3643,1,5,0,0
55,18180,0,1,0,1
43,6389,2,2,1,2
23,8962,3,5,1,2
24,3325,3,2,0,0
45,4608,2,3,1,0
39,18477,4,2,0,0
21,6031,1,0,0,0
61,10502,0,3,1,0
53,19637,0,3,0,0
43,12659,0,8,1,0
64,1311,2,8,0,0
63,7471,2,4,1,0
63,8043,4,2,0,0
32,5886,0,4,1,0
59,5203,1,6,1,0
43,10311,4,3,1,0
52,7852,0,7,0,0
58,6239,2,9,1,2
28,8553,0,4,0,0
40,7201,2,1,1,0
26,4960,4,1,1,0
33,9328,1,8,0,0
39,18874,1,4,0,0
58,10361,2,3,1,2
58,12152,3,6,1,2
38,19694,4,9,0,2
35,12465,0,4,0,1
44,4854,2,3,0,0
61,8270,3,8,1,2
63,10015,0,0,0,0
30,9758,4,8,1,2
29,3415,1,5,0,0
52,2563,2,0,1,2
34,7324,4,2,0,0
29,18328,3,6,0,2
22,14487,4,7,1,2
38,16913,3,1,1,0
38,3902,1,6,0,0
45,8578,3,9,0,2
29,11836,3,6,0,2
52,8969,1,7,1,0
50,8625,0,1,0,0
41,7515,3,6,1,2
28,1505,2,7,0,0
43,17215,3,1,1,2
50,18694,0,3,1,2
37,2076,2,8,0,0
32,8565,4,9,0,2
43,10597,4,1,1,2
36,15786,4,7,0,2
38,19741,1,5,0,0
36,8618,0,5,0,0
34,15104,2,5,0,0
52,18778,2,8,0,1
41,16690,1,4,0,0
41,6164,0,5,0,0
49,16441,0,6,0,0
36,8538,1,5,0,0
25,841,3,8,0,2
58,15297,0,2,1,2
23,16790,0,9,0,0
46,7201,1,6,1,0
32,9293,4,9,1,2
30,7604,4,3,1,0
22,2782,2,4,1,0
60,19899,0,0,0,0
39,940,0,9,1,2
36,11334,4,8,0,2
53,791,2,2,0,0
22,13942,0,0,1,0
45,18066,4,6,0,2
42,13047,2,6,0,0
45,12320,1,5,1,2
26,16644,2,1,1,0
62,19497,1,9,1,2
31,17305,4,4,1,2
50,5012,3,7,1,2
53,11483,0,8,0,0
36,16466,3,5,0,1
26,6243,0,0,0,0
34,13666,2,8,0,1
56,944,3,6,1,2
60,17607,0,8,1,2
62,12480,3,6,1,2
30,14990,1,9,1,1
47,16596,3,8,1,2
27,4766,2,2,0,0
52,9285,0,1,0,0
39,17243,3,1,0,0
52,3711,1,7,1,2
51,16538,4,2,1,2
64,6117,4,4,0,0
42,11722,0,7,0,0
36,10444,3,4,0,0
44,13886,1,0,0,0
28,16815,3,3,1,2
25,7305,2,0,1,0
43,3849,1,3,1,2
57,8745,3,7,0,2
44,12436,1,5,0,0
55,15133,4,6,1,2
28,15190,4,1,0,0
40,7129,0,7,0,0
47,18752,3,4,0,1
36,2121,4,2,0,0
21,2775,0,6,0,0
24,983,3,1,0,0
61,18564,4,4,0,0
47,4012,1,4,1,0
32,12228,2,1,1,0
32,16352,3,9,1,2
22,15450,1,3,0,1
62,19002,1,0,1,0
25,1548,1,4,1,2
54,8437,1,9,0,0
31,10369,3,6,0,2
35,14074,1,6,1,0
33,12641,1,9,0,0
57,11419,4,0,0,0
22,6483,2,5,0,0
36,2576,4,3,0,0
33,8917,3,6,0,2
33,5563,4,8,0,2
29,11308,0,0,1,0
61,16043,4,1,0,0
37,11274,4,9,1,2
39,11869,0,4,0,0
37,1316,1,3,1,0
64,13070,2,1,1,0
35,9069,2,3,0,0
36,2912,3,0,0,0
35,4669,3,2,1,2
35,15724,1,1,0,1
24,18375,3,0,1,2
47,10400,4,9,0,2
22,19543,2,7,0,1
30,4010,4,9,0,2
29,6343,3,2,1,2
33,18636,4,2,0,0
54,3916,4,2,1,0
47,13357,0,5,0,1
64,4780,4,1,1,0
36,6957,0,2,1,0
61,9816,4,9,1,2
22,7519,4,3,0,0
43,17552,1,7,1,1
56,19469,0,2,1,1
44,10250,2,9,0,0
62,10741,1,6,0,0
34,1580,2,8,1,2
22,5066,0,5,0,0
55,1277,0,9,1,0
23,17204,2,3,0,1
54,4934,3,4,0,0
53,7142,1,0,1,0
58,16934,1,1,1,0
42,14409,0,7,0,0
60,12618,1,3,1,0
28,1250,1,1,0,0
40,11477,1,2,0,0
26,11437,1,3,1,2
54,6719,1,7,1,0
52,15026,3,0,0,0
56,18623,1,0,1,0
54,5551,3,7,0,2
34,6957,3,1,1,0
23,6785,3,4,1,0
61,16781,2,6,1,0
42,2016,4,5,0,0
25,17970,1,1,0,1
61,15613,4,7,0,2
64,9925,1,0,1,0
40,11878,0,2,1,2
54,17938,4,1,1,2
22,15511,4,5,0,1
25,5897,0,6,1,2
33,1482,2,6,1,0
49,13339,2,1,0,0
26,3343,1,3,0,0
22,2215,2,1,0,0
50,19654,3,3,0,0
54,9741,2,2,1,0
53,13191,2,7,1,1
56,4737,4,7,0,2
56,2483,1,8,1,0
47,1723,3,2,0,0
43,7410,1,0,1,0
58,572,4,0,1,0
36,8691,1,8,1,2
25,6832,4,9,1,2
54,10773,3,2,1,0
33,11995,1,8,1,2
64,6514,3,5,0,0
39,9376,1,1,1,2
58,2022,1,3,1,0
22,6384,1,2,1,2
50,19574,3,7,0,2
40,19828,1,1,0,0
41,9973,2,1,1,0
32,18820,2,7,1,2
63,10275,0,3,1,0
38,2950,1,2,1,0
58,17424,1,8,1,2
39,8594,1,9,1,0
23,12442,4,5,1,2
59,13152,1,8,0,0
29,6506,2,8,1,0
32,14803,3,5,0,0
58,10275,3,8,1,2
60,7644,3,0,1,2
61,6309,2,0,1,0
39,15052,4,8,1,2
54,5362,4,1,0,0
35,2920,1,7,1,0
53,17694,0,4,1,0
43,6970,1,7,1,2
23,13000,4,6,0,2
39,14470,4,0,1,2
41,16847,3,3,0,1
32,12700,3,7,0,2
37,14304,1,9,1,2
43,16825,2,8,1,2
23,18895,0,8,1,2
27,1413,2,9,1,0
54,14993,0,8,1,2
36,3900,0,5,0,0
47,17879,4,3,0,1
45,1445,4,5,0,0
45,5312,3,7,1,2
39,4246,3,4,1,2
42,12266,1,8,1,2
57,583,2,7,1,0
63,831,3,2,1,2
32,10332,2,9,0,0
50,19447,1,8,0,0
63,10802,1,5,0,0
21,9195,4,1,0,0
55,13328,1,2,0,0
42,11260,4,8,1,2
63,8005,3,0,1,2
46,11976,4,4,0,0
57,562,2,6,1,0
28,5267,1,2,1,0
27,13640,0,8,0,0
61,7160,2,5,0,0
44,1558,1,0,1,0
45,2926,0,3,1,0
28,17390,4,3,0,0
30,6926,4,2,0,0
57,941,1,9,0,0
34,14711,3,3,0,0
46,10844,2,5,0,0
34,9302,2,5,1,2
32,17950,3,2,1,0
28,6617,2,5,1,2
61,11663,4,3,1,2
62,15025,0,0,0,1
26,12364,3,4,0,0
36,4555,4,5,0,0
45,13791,4,1,1,2
37,14996,0,7,0,1
52,2886,0,6,1,2
32,3726,3,3,0,0
23,13661,4,5,1,0
35,2820,4,3,1,0
47,17666,4,6,1,2
28,2636,0,1,0,0
56,19497,2,6,1,1
21,13594,3,0,1,2
23,9139,3,0,0,0
43,5733,3,2,0,0
43,7217,1,1,0,0
33,15096,2,4,0,0
32,15189,2,1,1,1
24,4568,4,2,0,0
50,11086,1,0,1,0
37,19862,1,8,1,2
26,5517,0,7,1,0
38,14021,0,2,1,2
62,3857,4,1,1,0
32,16764,4,8,1,2
60,3819,1,6,1,2
32,6303,3,8,0,2
29,9453,2,1,1,0
32,7727,4,3,0,0
35,3817,1,1,1,0
26,12999,4,4,0,0
46,884,1,1,0,0
35,19678,3,0,1,0
52,1515,1,5,1,0
42,7010,3,9,0,2
40,18632,1,6,1,0
41,3524,4,7,0,2
27,1922,3,8,0,2
52,15006,1,9,1,2
25,1927,4,1,0,0
52,18042,3,2,0,0
64,9298,2,6,1,0
54,17451,0,8,1,0
41,5279,4,7,1,2
34,3252,3,7,1,2
59,19272,3,3,0,1
32,15362,4,3,1,0
42,18264,3,0,0,0
54,6737,1,3,1,2
61,8392,1,1,0,0
61,11755,0,9,0,0
24,9250,0,0,0,0
60,5231,3,3,1,2
26,7814,4,8,1,2
46,12370,0,9,0,0
61,1238,2,3,1,0
49,7050,0,4,1,2
62,6210,2,5,1,2
36,1871,3,8,1,2
34,2892,4,7,0,2
35,10165,4,5,0,0
36,2496,1,3,0,0
51,7225,4,3,1,0
40,11436,3,6,0,2
53,17539,1,8,0,1
39,2425,1,0,1,0
34,8975,0,7,0,0
29,2507,4,4,1,2
45,8857,1,1,0,0
60,9870,1,0,0,0
58,16085,2,3,1,2
32,9124,0,2,1,2
42,18742,4,1,1,2
52,3183,3,2,0,0
47,1536,0,8,1,2
23,586,0,7,0,0
47,7456,0,2,1,0
22,4263,4,6,1,2
26,2285,2,4,0,0
49,5099,3,7,0,2
25,19512,0,2,1,2
35,16104,1,0,1,0
46,862,2,3,1,2
49,18351,1,9,0,1
40,4502,3,5,0,0
25,8415,4,0,1,2
56,6888,1,9,1,0
62,8398,3,8,0,2
60,15334,4,5,0,0
53,14393,4,7,0,2
38,12083,0,1,0,1
59,12724,0,5,0,0
42,14686,4,9,1,2
27,4090,4,4,1,2
58,8215,1,0,1,0
35,2599,2,7,1,2
62,14231,2,7,0,0
37,9033,3,7,1,2
59,12926,3,6,1,2
44,11514,1,1,0,0
41,5835,4,1,0,0
34,3204,0,7,0,0
57,19472,0,8,0,0
23,6218,4,0,0,0
41,2636,0,5,1,2
37,6465,4,5,1,2
44,18097,1,3,1,0
32,5595,1,6,0,0
50,19742,0,9,1,2
37,9484,4,8,0,2
29,17305,1,1,0,0
29,13234,0,4,1,0
51,1356,2,9,1,0
32,10433,0,2,1,2
34,8630,3,8,0,2
48,4428,0,4,0,0
35,11224,2,5,0,0
38,2507,1,2,0,0
31,14116,0,9,0,1
36,16526,0,5,0,0
51,2304,2,5,0,0
44,9846,1,4,1,0
64,13274,0,0,0,0
54,1711,0,7,0,0
21,8091,4,3,1,2
37,5533,3,2,1,2
33,1265,3,7,1,2
46,16178,4,1,0,0
32,9171,0,6,0,0
63,15158,3,4,1,2
34,11947,3,7,1,2
43,17578,1,0,1,2
26,19941,2,7,1,0
61,12240,3,2,0,0
61,7367,3,8,1,2
55,8746,1,3,0,0
36,16595,3,0,1,1
23,8819,3,4,0,0
52,10634,0,0,1,2
39,4283,2,2,1,2
64,19806,2,7,1,2
51,13190,1,5,1,0
44,6939,0,7,0,0
64,11908,0,8,1,0
56,8322,3,4,0,0
41,3519,4,5,0,0
21,17557,2,0,1,1
25,17770,4,2,0,0
40,16780,4,7,0,2
45,7685,3,0,1,2
22,5499,2,3,1,2
26,1469,4,1,1,2
51,14764,3,8,1,2
54,6893,4,5,1,0
22,17898,4,6,0,2
43,17462,0,6,1,2
24,2999,3,2,0,0
52,18380,3,0,1,2
57,3235,4,3,0,0
59,10062,1,1,1,0
47,9741,4,3,1,2
48,19148,2,3,1,0
61,13317,1,7,1,2
47,17567,0,3,1,2
40,12118,1,1,1,2
54,16591,4,9,1,2
46,17116,3,0,0,0
58,17264,3,2,1,0
44,8526,4,3,0,0
59,7946,1,0,0,0
22,19704,3,8,1,2
22,15251,1,3,1,2
25,18387,4,7,1,2
45,11758,2,1,1,2
52,18615,4,5,1,2
30,14533,3,1,0,1
27,14980,3,2,1,1
58,3966,4,4,1,0
54,11554,3,8,1,2
49,14762,1,3,0,1
42,15339,2,7,1,2
39,19173,2,0,0,0
21,6875,0,2,0,0
29,6401,2,6,0,0
60,19404,2,4,1,2
35,19730,1,5,1,0
51,4007,0,6,0,0
51,7878,2,0,1,2
34,18987,2,6,1,2
29,4394,0,8,1,2
51,15771,3,7,1,2
25,2689,0,2,0,0
42,3977,0,3,0,0
60,15806,2,9,1,0
52,12345,1,7,0,0
54,11319,4,9,0,2
24,17203,0,9,0,0
29,6489,1,4,0,0
33,10314,3,1,0,0
33,12364,1,2,0,1
29,14927,4,2,0,1
63,6975,3,8,1,2
28,12855,4,2,0,1
52,9242,4,3,0,0
46,11068,0,8,0,0
47,17321,2,1,1,0
30,8176,3,6,0,2
34,13529,0,5,1,1
47,18868,2,9,0,1
34,15366,3,4,0,0
51,19780,3,5,0,1
22,11878,2,8,1,0
24,5998,4,9,0,2
53,19832,3,7,0,2
48,13069,0,6,0,0
22,5207,1,8,0,0
60,6685,4,9,1,2
21,5614,0,7,0,0
63,16755,0,2,0,0
53,2304,1,6,1,0
64,14928,4,2,0,0
62,11303,3,5,1,2
34,1932,0,4,1,0
54,12460,1,9,1,0
30,15186,4,5,0,1
41,14656,1,9,1,2
31,10806,2,8,1,0
42,7041,2,8,0,0
59,3694,3,1,0,0
40,739,3,7,1,2
25,7511,4,2,1,0
35,12828,0,5,0,0
55,1234,2,4,1,0
43,19974,3,2,0,1
45,11926,2,9,0,0
39,6243,3,8,1,2
33,19261,3,5,1,2
47,4086,1,0,0,0
48,19173,0,1,1,1
60,5994,4,2,0,0
48,7904,4,9,1,2
64,8795,4,4,0,0
57,19899,1,0,1,2
24,5392,1,5,0,0
38,19470,1,9,0,1
37,7265,0,5,1,2
21,6061,0,4,0,0
28,12945,1,1,0,0
54,14028,4,8,1,2
36,7228,1,1,1,0
27,3114,2,9,0,0
33,8223,2,2,0,0
33,11038,1,1,0,0
28,1280,4,3,1,0
25,2033,0,0,0,0
54,18399,4,0,1,0
57,1199,3,1,1,0
42,8434,1,6,1,2
48,15395,3,8,1,2
61,6898,2,2,1,0
58,10148,4,6,0,2
22,2186,0,3,1,0
62,15991,0,4,1,2
23,12866,2,3,1,1
22,17107,4,8,1,2
38,17344,0,5,1,0
53,7340,3,5,0,0
24,1302,4,8,0,2
33,7253,2,6,1,0
32,3332,4,1,0,0
38,10899,3,1,1,0
64,3354,1,3,1,0
35,18477,4,0,0,0
30,12244,3,6,0,2
26,5434,0,4,0,0
29,18463,2,0,0,0
26,15508,3,4,1,2
46,9036,4,8,1,2
39,3356,3,9,1,2
42,7204,2,9,0,0
57,11888,1,9,0,0
46,15433,0,6,0,0
27,5607,0,9,0,0
37,14980,3,9,1,2
34,6015,4,6,1,2
57,5311,0,4,0,0
34,9216,3,9,1,2
27,3636,2,4,0,0
53,8390,0,1,1,0
39,7477,1,1,0,0
25,5960,1,5,0,0
51,15624,3,0,0,1
30,6968,1,1,0,0
59,14053,4,2,0,1
57,14545,1,5,1,2
37,13484,0,4,1,2
45,5751,0,5,1,0
45,16673,2,5,0,0
49,5112,2,9,1,0
24,5904,3,2,0,0
35,17562,2,4,0,1
28,7123,0,6,1,2
51,14091,1,2,1,0
24,1325,2,1,0,0
43,12479,1,0,1,2
53,17440,3,3,0,1
62,14319,4,2,0,0
33,11857,1,1,0,0
21,17056,2,2,0,1
52,6313,4,6,0,2
21,7847,1,8,1,2
23,1853,2,5,0,0
64,14118,1,0,1,2
58,14606,3,7,0,2
52,15151,3,1,0,0
57,15100,0,0,1,2
24,2983,0,5,1,0
24,13490,0,4,1,1
34,15384,0,3,0,1
22,4473,0,9,1,0
60,9791,3,0,0,0
23,18307,4,0,0,0
44,8588,2,5,0,0
58,15186,4,4,1,2
53,10841,3,8,1,2
31,13326,4,0,1,0
41,12716,3,4,1,2
45,13193,0,1,0,0
54,15697,2,0,0,1
39,18134,2,4,1,0
33,6265,3,7,1,2
56,18601,3,1,1,2
60,12743,0,8,1,2
42,12114,3,5,0,1
22,6890,4,4,1,0
43,8625,0,9,1,2
60,13206,2,3,0,0
64,7592,4,2,0,0
38,6102,0,7,0,0
27,16472,0,1,0,1
46,8600,4,8,1,2
57,13069,0,8,0,0
62,1108,3,9,1,2
23,2006,4,4,0,0
33,17039,2,6,0,1
42,3272,2,8,1,2
25,16018,2,1,0,0
59,18053,1,3,1,1
25,9887,1,4,0,0
50,17747,2,6,0,0
61,8830,4,6,1,2
51,19060,4,9,1,2
54,5123,4,4,0,0
32,8843,0,1,1,2
57,8083,1,1,0,0
39,15789,3,8,1,2
23,1352,2,4,1,0
37,16650,1,6,1,2
36,956,1,5,1,0
43,6656,0,8,1,2
32,12123,1,2,1,2
41,3334,2,1,1,2
39,10057,2,7,1,2
35,19942,2,4,0,1
51,16552,1,8,1,2
34,1089,1,1,1,0
54,12039,4,2,1,0
32,12148,2,9,0,1
59,1830,1,8,0,0
37,13179,3,0,0,0
22,10659,2,8,1,2
27,13794,2,0,0,0
56,6301,1,1,1,0
59,5484,3,8,0,2
30,14851,0,1,0,0
47,14570,4,3,1,0
46,3653,2,1,0,0
26,4719,2,5,1,0
40,11934,1,0,0,0
51,16666,2,2,0,0
63,4435,3,3,1,0
58,4772,2,6,1,2
25,16251,0,4,1,2
31,14085,2,1,0,0
40,18094,1,4,1,0
27,15776,0,4,1,2
46,19088,4,3,1,1
21,4184,1,5,0,0
25,5802,2,3,1,0
23,5140,0,3,0,0
34,1580,1,7,0,0
54,15692,1,2,1,1
28,13404,0,3,1,2
64,2176,4,1,1,2
32,4363,1,6,0,0
22,4219,2,7,0,0
35,8357,2,6,1,0
53,9382,2,1,0,0
25,6135,2,4,1,0
24,18638,2,2,0,1
58,4648,0,7,1,0
47,11456,3,3,1,2
36,9040,0,4,1,2
54,8059,2,4,0,0
58,16602,1,7,1,1
36,19578,2,7,0,1
45,614,0,8,1,0
21,9542,3,4,1,2
34,2823,2,8,1,0
47,8957,0,8,1,0
29,12532,0,5,1,1
64,8527,2,6,0,0
63,6527,3,9,1,2
32,6587,2,8,1,2
38,6347,3,2,1,0
29,6851,3,7,0,2
43,7792,4,4,1,2
26,13912,4,1,0,1
38,2372,4,3,0,0
45,1296,3,9,1,2
47,10576,2,9,0,0
47,13795,2,7,0,0
30,5544,3,9,1,2
55,4423,0,5,0,0
51,12682,3,7,1,2
54,7992,2,1,1,2
41,14853,2,2,0,1
60,3357,4,1,1,0
38,2861,3,9,0,2
56,11278,4,6,1,2
29,8153,4,9,0,2
31,14722,4,4,1,2
44,10369,1,4,1,0
45,7415,0,6,0,0
53,3613,1,5,1,2
34,3686,3,3,1,2
59,15239,4,3,1,2
35,4916,4,5,0,0
44,10297,3,0,0,0
62,16453,3,1,1,0
44,18007,4,0,0,0
51,5719,3,1,0,0
60,2637,0,1,0,0
63,15606,2,0,0,0
42,13901,1,0,0,1
39,6958,3,8,0,2
29,12074,3,1,1,2
44,4180,1,5,1,0
61,14163,1,0,1,1
42,14682,0,9,0,0
36,6337,1,2,1,0
25,9636,4,7,1,2
38,7014,3,6,1,2
31,1109,4,7,1,2
63,2982,4,6,0,2
44,19218,4,5,1,0
27,9392,0,7,1,0
23,3381,1,8,0,0
58,1363,0,3,0,0
61,7391,0,9,0,0
54,19664,1,9,0,1
26,8003,1,7,1,0
25,19989,0,9,1,0
29,10043,4,1,1,2
54,15397,2,5,1,0
54,15816,3,6,0,2
57,1049,3,9,0,2
25,618,4,1,1,0
27,18488,0,8,1,0
60,18683,1,0,0,0
61,3086,1,3,1,2
52,13096,2,6,0,0
25,18512,2,2,1,1
24,19037,3,8,0,2
23,6279,2,9,0,0
51,16439,1,1,0,1
58,13103,2,2,1,0
48,18592,4,0,0,0
32,3361,2,7,0,0
54,12219,2,8,1,1
23,977,0,6,1,2
57,7467,0,1,0,0
60,722,1,1,1,0
52,9136,0,0,1,2
59,16316,2,4,0,0
46,13331,4,7,1,2
41,6679,2,1,0,0
35,8825,3,8,1,2
61,7665,4,2,0,0
51,14767,3,5,0,0
29,5691,3,6,1,2
63,2291,3,5,1,2
23,10381,1,4,1,2
46,16684,2,3,0,1
29,9804,1,4,1,2
50,4481,3,2,1,2
39,1398,2,2,1,0
40,18906,4,7,0,2
50,15334,0,8,1,1
54,3533,0,8,1,0
37,1941,3,3,0,0
64,3018,3,3,0,0
42,7842,3,0,1,2
28,16331,1,2,1,0
21,3617,0,5,0,0
29,16464,1,2,0,1
51,536,2,7,1,2
44,14905,2,0,0,0
35,6007,4,4,0,0
42,19230,4,2,1,1
57,9778,3,4,1,0
46,5775,0,0,0,0
23,5237,0,4,1,0
23,16619,2,7,1,0
42,8358,3,8,1,2
38,7364,3,2,1,0
58,14845,1,4,0,0
46,10979,0,6,1,0
54,13444,1,4,0,1
46,9189,3,5,1,2
36,1748,4,3,1,0
49,614,4,8,1,2
48,1262,2,6,0,0
52,11702,0,9,1,2
29,10515,4,7,0,2
49,15076,0,3,0,0
33,17945,1,3,1,2
55,3903,4,0,1,2
56,19167,2,6,0,0
48,18667,0,7,1,1
62,12510,2,3,1,1
44,10842,0,0,0,0
22,3944,1,8,1,0
47,3975,4,2,0,0
55,863,1,5,0,0
25,13095,4,0,0,0
25,8946,2,0,1,0
33,4242,3,8,1,2
58,3110,3,6,0,2
44,1738,2,0,0,0
63,12998,0,1,1,1
59,13863,4,4,1,2
45,12816,2,6,1,0
50,2658,3,4,1,0
35,1306,2,8,1,2
24,2571,3,6,1,2
38,15156,1,6,0,0
47,14928,4,2,0,0
29,6249,1,6,0,0
30,1576,3,8,1,2
21,6734,2,0,1,2
53,16290,2,7,1,2
60,3296,0,8,0,0
57,16024,1,4,0,1
37,9535,0,7,1,0
47,3257,2,3,0,0
63,18710,3,1,1,2
47,10608,2,8,0,0
34,13595,3,3,1,1
35,2384,1,7,1,2
52,7747,1,3,0,0
40,12835,2,3,0,0
57,13084,1,6,1,2
59,1727,4,3,0,0
22,12283,4,8,1,2
52,18917,2,0,0,0
37,15834,3,0,0,0
43,4550,0,0,0,0
32,18295,0,2,0,1
37,13816,1,0,0,0
35,1610,1,3,0,0
23,3001,1,0,1,0
55,18464,2,7,1,0
27,4587,3,1,0,0
37,2386,2,9,0,0
29,9293,2,8,1,0
28,10749,0,6,1,0
37,11675,1,7,0,0
61,13347,4,7,1,2
62,19977,4,8,0,2
37,15305,0,5,1,2
43,1005,0,6,1,0
64,2227,4,4,1,0
31,506,0,6,1,2
62,8207,2,3,0,0
25,7332,4,1,1,0
30,18704,3,9,1,2
35,7640,2,6,0,0
22,1097,1,7,0,0
56,17734,3,2,1,1
58,5575,3,7,0,2
37,18295,4,5,1,2
57,15601,2,0,0,0
54,17670,4,9,0,2
56,16484,3,9,0,2
56,3291,0,8,1,0
46,12710,1,4,1,0
25,8536,3,2,0,0
61,12761,0,0,1,0
47,15044,3,7,0,2
60,10268,1,8,1,0
63,6595,1,1,1,0
29,18368,2,6,0,0
38,13433,4,0,1,0
29,17768,4,7,0,2
23,5124,2,0,1,0
63,16846,0,9,0,0
61,6806,4,1,1,0
61,9479,4,4,1,2
59,17278,3,6,0,2
49,7417,3,8,0,2
43,5384,2,3,1,0
64,18353,0,9,0,0
45,19304,0,0,1,1
49,6565,0,4,0,0
30,6472,4,9,0,2
53,4939,0,2,1,0
57,958,2,5,0,0
50,11281,1,4,0,0
42,5470,0,3,1,2
29,17057,4,7,0,2
22,3838,0,5,0,0
48,12887,4,7,1,2
51,10383,3,5,1,0
54,12432,3,9,0,2
62,2697,0,4,0,0
42,9597,4,7,1,2
57,12707,2,6,1,2
52,7148,2,8,0,0
33,17560,3,8,1,2
58,10825,1,2,1,0
23,7569,1,3,1,2
47,1100,1,3,1,0
62,3785,2,4,1,0
49,9793,3,4,0,0
62,8300,1,0,0,0
23,17494,1,8,1,2
44,15826,4,8,1,2
55,3599,2,6,1,2
49,12034,4,3,1,2
59,9360,1,8,0,0
41,2472,1,2,1,2
51,13485,1,3,0,1
39,10975,2,9,1,2
59,2205,3,9,0,2
26,9627,2,5,1,0
32,14767,1,1,1,1
25,6878,4,1,1,2
51,7459,2,9,1,2
31,2648,1,2,1,2
34,4484,0,6,0,0
57,19631,2,3,1,2
36,12605,3,4,0,0
27,3932,4,9,1,2
21,9913,1,5,0,0
30,4258,0,4,0,0
61,9133,4,4,1,2
45,3338,2,2,0,0
64,12566,0,5,0,1
30,11618,0,5,1,0
36,12851,2,0,1,2
28,9151,3,4,0,0
38,6076,1,6,0,0
45,5366,1,0,0,0
56,4695,3,9,1,2
37,8873,4,8,0,2
54,9303,2,6,1,2
48,13633,2,0,1,1
33,1522,1,5,0,0
61,5993,0,8,1,2
40,17126,0,0,1,2
27,18347,4,7,1,2
63,18652,0,8,1,0
61,6473,4,0,1,2
23,3174,1,2,1,0
60,4364,3,7,1,2
62,3071,4,9,0,2
57,19114,3,7,0,2
32,17726,3,5,1,0
48,16305,1,6,0,0
44,14731,2,5,0,0
48,7191,3,5,0,0
48,9775,2,7,0,0
49,16907,0,0,0,1
43,16380,4,2,1,2
51,10616,0,0,1,2
44,16832,4,7,0,2
21,7261,4,7,0,2
22,8563,0,0,1,2
63,16872,3,1,1,1
61,7840,3,2,0,0
46,15167,1,2,1,0
28,9339,4,5,0,0
55,6308,0,4,0,0
27,4767,1,3,1,0
37,12330,4,1,1,2
35,9853,3,6,1,2
21,7703,0,7,1,2
56,14991,0,6,1,2
43,520,1,8,1,2
34,2297,0,9,1,2
43,19255,0,8,1,0
21,13438,2,6,0,0
40,11217,0,0,1,2
43,787,1,3,1,0
35,12169,1,4,1,2
57,8978,4,7,1,2
31,12197,4,8,1,2
27,1299,4,6,0,2
44,11237,1,3,0,0
60,11768,2,7,1,2
37,6155,2,6,1,0
23,1562,4,7,1,2
63,19445,3,5,1,2
40,14333,4,6,1,2
28,12622,2,3,0,1
48,15458,4,3,0,0
35,13582,3,2,0,1
62,3120,3,2,0,0
33,9368,3,6,0,2
45,17829,1,3,1,2
44,6113,3,1,0,0
31,19458,1,0,1,2
42,1754,3,8,0,2
25,6949,1,4,0,0
49,7329,3,5,0,0
54,12539,2,9,1,2
62,3933,3,1,1,2
35,4968,1,9,1,0
33,13410,3,7,1,2
45,6050,4,6,1,2
51,17640,0,4,1,1
64,17468,1,7,1,1
22,6403,3,2,0,0
31,11418,4,3,0,0
32,6991,3,9,1,2
32,7225,2,2,0,0
41,13572,1,7,0,1
59,6215,4,9,1,2
22,3410,4,5,0,0
56,5552,4,2,1,0
48,18624,1,8,1,2
48,5556,2,8,1,0
50,7595,1,5,1,2
26,12761,4,1,1,0
53,2473,4,4,1,2
31,5734,0,4,0,0
43,3906,1,1,1,2
50,18525,2,4,0,1
47,18688,2,1,1,2
35,15236,2,6,0,1
38,5318,1,4,1,0
41,12520,3,7,0,2
22,13414,4,4,1,1
52,17452,4,7,0,2
25,3545,2,7,0,0
41,14856,4,1,0,1
49,4284,3,4,0,0
24,11589,0,7,1,0
64,17645,3,5,1,0
37,1710,1,2,0,0
21,3386,3,8,1,2
49,16356,3,1,1,2
45,865,4,9,0,2
49,13859,4,7,1,2
54,10274,4,3,0,0
41,7258,2,1,0,0
57,17323,2,9,0,0
37,17054,2,5,0,1
44,6856,4,8,0,2
27,586,1,8,0,0
48,2999,2,0,0,0
32,2593,3,6,0,2
51,19653,0,3,1,0
56,12139,3,9,1,2
58,13696,1,2,0,0
61,5002,1,0,1,0
26,17088,3,6,0,2
27,14592,0,5,1,2
61,15166,0,5,0,0
37,9630,2,2,1,2
22,14115,2,4,1,2
33,11109,0,9,0,0
57,7998,1,7,0,0
36,12092,1,9,0,0
24,6824,2,3,0,0
52,19080,1,8,0,1
29,14480,0,3,1,1
36,14910,2,9,0,0
21,14475,4,8,1,2
47,9242,2,1,0,0
40,19036,1,9,0,0
59,4553,2,6,0,0
35,11588,0,7,1,0
30,1853,1,5,0,0
28,6245,2,2,0,0
29,11703,2,9,0,0
40,10045,2,1,1,2
24,18852,4,8,0,2
38,12467,3,2,0,0
58,8523,0,7,1,0
54,8821,2,4,1,2
49,12426,2,2,0,0
60,15927,0,2,1,2
55,5892,1,3,1,2
49,11899,4,9,1,2
58,11707,1,7,0,0
26,683,2,6,1,2
57,18299,1,6,0,0
33,11611,0,4,0,0
53,5220,1,9,0,0
61,12855,3,2,1,0
42,13717,4,9,1,2
24,18347,3,3,0,0
37,1164,4,3,1,0
38,8567,3,4,0,0
62,4013,3,7,1,2
62,11702,2,7,1,2
46,10281,0,7,1,0
62,9762,2,0,1,2
40,19649,4,1,1,1
39,10867,2,8,1,2
57,8514,3,9,1,2
50,1812,0,1,1,2
43,6147,1,9,0,0
41,17997,1,2,1,2
52,9307,1,9,0,0
54,18253,4,9,1,2
42,10886,2,6,1,2
22,11187,3,1,1,0
25,8882,3,7,1,2
27,11352,2,1,1,2
41,1800,4,3,1,0
48,1622,1,6,0,0
56,9777,0,0,0,0
31,12160,3,3,1,2
55,11241,3,7,0,2
50,8868,1,0,1,0
23,6233,4,3,1,0
36,14326,0,0,1,0
34,12291,1,6,1,1
60,1418,0,0,0,0
61,9321,0,2,0,0
57,14362,3,5,0,0
44,15791,3,2,1,0
42,6094,3,2,0,0
34,18536,4,8,1,2
55,13208,0,7,0,0
24,9034,3,0,0,0
32,12728,0,8,1,0
26,17494,4,4,0,1
42,4923,3,1,0,0
34,3432,3,9,0,2
29,9088,2,3,0,0
37,2136,1,3,1,2
58,16794,3,1,1,2
45,19423,4,8,1,2
57,12309,0,2,0,0
61,19607,4,5,1,2
60,1840,3,2,0,0
36,12834,0,8,0,0
59,9136,4,7,1,2
61,5908,0,5,1,0
63,6579,3,3,1,0
36,11130,0,6,0,0
31,13012,0,4,1,2
46,3698,3,9,0,2
62,12483,3,6,1,2
60,18567,3,0,1,2
46,702,1,8,1,2
27,17627,4,1,0,0
39,12350,0,3,0,0
52,7173,4,4,1,2
45,14829,1,2,1,1
36,12546,3,9,1,2
36,15490,4,9,1,2
23,2085,1,1,0,0
33,1650,2,3,1,2
50,13019,4,3,1,1
31,6421,4,6,0,2
64,5146,1,5,1,2
24,8714,2,6,0,0
46,14641,1,0,1,2
42,4005,2,5,0,0
57,19477,1,2,1,2
60,8704,0,2,1,0
44,3436,4,7,1,2
48,1887,3,1,1,0
51,17216,2,0,1,1
43,2707,0,4,0,0
29,8669,0,7,1,0
39,13539,2,5,1,2
31,10505,3,1,1,2
41,5620,1,7,1,0
48,2604,3,3,1,0
30,14372,1,7,1,1
31,10060,0,2,0,0
57,1438,2,9,0,0
37,4033,0,2,0,0
29,11472,0,9,1,2
52,3783,0,3,1,0
52,8133,1,7,1,2
57,2928,2,5,0,0
54,16040,4,0,1,1
64,12792,1,0,0,0
46,15787,0,4,1,2
33,1522,0,1,0,0
58,7823,1,6,1,2
32,5718,1,1,0,0
33,12642,1,5,0,1
57,16519,4,2,0,0
59,4937,1,1,1,2
35,15509,3,3,0,1
53,11817,3,5,0,0
61,16569,0,3,0,1
56,2084,1,3,1,0
21,19822,2,3,0,1
50,8974,2,3,1,2
28,5961,0,4,1,2
58,4063,3,8,1,2
23,19705,1,5,0,0
64,17725,1,4,1,2
28,3058,3,7,1,2
39,9175,4,5,0,0
31,14803,4,9,1,2
56,12020,4,5,0,0
38,4186,2,2,1,0
53,7527,0,5,1,0
23,7678,1,7,1,2
40,6130,1,2,0,0
61,19233,1,2,0,1
61,4456,1,5,0,0
30,14278,0,8,1,2
38,18281,0,3,1,2
39,15998,3,5,1,2
45,16089,2,6,0,0
44,3596,0,6,0,0
25,3098,2,1,0,0
54,15766,4,3,1,2
30,15061,2,9,0,1
34,14966,1,8,1,1
57,8661,1,7,1,2
51,10707,1,0,0,0
38,800,1,4,0,0
61,6175,4,0,1,0
38,10803,4,3,1,2
45,2951,1,8,0,0
31,3035,4,3,1,2
29,1381,4,1,0,0
42,4593,0,7,0,0
45,19861,2,7,1,1
56,14072,3,6,0,2
38,18990,2,8,0,0
60,5514,2,7,0,0
47,12177,2,6,1,1
24,17891,3,8,1,2
53,7364,1,3,1,0
46,13314,2,4,0,1
38,14010,1,5,0,0
41,16729,4,6,0,2
34,19404,0,4,0,1
48,12496,0,4,0,0
45,11859,0,1,1,2
40,17442,1,6,0,1
33,13848,3,1,0,0
38,7552,4,4,1,0
42,12787,2,4,0,0
41,11208,0,7,0,0
34,4960,1,4,1,2
46,10559,0,0,1,2
30,12659,2,5,0,0
43,18123,3,2,0,0
26,11819,0,3,1,2
41,3715,3,2,1,0
55,19759,1,1,0,1
56,11772,3,9,1,2
51,6098,4,2,1,0
53,15211,3,5,0,0
23,8001,3,8,1,2
36,7715,3,3,1,0
49,16869,0,9,1,2
56,17417,0,4,1,2
46,10716,1,9,0,0
58,7773,3,4,1,2
33,17333,3,0,1,1
27,3879,3,8,1,2
24,15070,1,8,0,1
46,11888,4,9,1,2
50,17154,2,1,0,0
33,8701,1,8,0,0
55,16724,3,3,0,0
53,796,0,8,1,2
36,15286,2,9,1,1
31,1861,3,1,0,0
53,13026,3,3,1,0
50,4307,1,2,1,2
28,19287,0,3,0,0
32,15501,0,5,1,0
42,2540,0,4,0,0
43,17894,4,6,1,2
28,5412,3,6,0,2
62,11139,2,2,1,2
38,2162,2,0,0,0
37,2558,1,7,0,0
23,5205,0,1,1,0
59,10921,0,1,1,0
31,11086,3,6,0,2
64,17184,0,2,0,1
42,3720,0,1,1,0
59,15114,3,3,1,0
28,614,2,5,0,0
28,6176,2,8,1,0
56,3912,1,9,0,0
57,2915,0,7,0,0
44,11898,2,8,1,0
22,18063,1,5,1,0
62,13506,2,4,1,1
38,17154,0,8,0,0
62,12033,1,3,0,1
59,1547,0,8,1,2
58,7246,2,9,1,0
51,16561,1,3,1,0
50,1362,1,6,0,0
44,2395,2,7,1,2
22,16759,2,7,1,1
38,1734,1,2,1,0
53,19209,3,9,0,2
56,15292,1,5,0,0
45,13469,1,0,1,0
52,10958,2,1,0,0
21,2242,0,7,1,2
41,8583,2,4,0,0
43,16251,2,1,1,0
60,18125,0,5,0,0
34,9216,2,5,0,0
31,16866,0,0,0,0
36,15643,3,3,0,0
28,1623,0,4,1,2
45,12593,0,7,1,1
49,12513,1,6,1,2
56,11086,3,0,1,2
63,15559,3,6,0,2
24,17845,2,9,1,0
31,11234,0,0,1,2
34,6747,1,9,0,0
31,19668,3,0,1,0
57,19290,0,6,1,0
27,13877,3,3,0,0
22,12992,1,7,0,0
58,2530,0,8,1,0
63,8331,3,8,1,2
30,4366,0,8,0,0
35,10540,1,8,1,2
43,16611,0,3,1,0
44,4878,2,4,1,0
64,19936,0,7,1,2
38,3025,0,1,1,2
21,2417,2,5,0,0
39,19502,4,5,1,1
45,2456,0,9,0,0
43,14836,2,0,1,2
43,15386,4,0,1,0
61,6937,1,0,1,0
56,1754,2,5,0,0
32,6515,4,5,0,0
36,1836,3,5,1,2
50,13608,1,2,1,1
39,17831,3,3,1,1
39,19943,3,4,0,0
28,16108,2,0,0,1
32,15605,2,7,1,0
53,17690,4,0,1,0
58,15512,4,6,1,2
55,13185,4,4,1,2
34,19926,3,9,0,2
27,6789,1,6,0,0
28,8548,0,4,1,0
38,18173,0,7,1,0
43,6564,4,1,0,0
60,6325,1,1,0,0
60,3465,0,4,0,0
21,5872,1,8,1,0
52,12076,0,8,1,2
34,17784,2,3,0,0
29,3157,2,2,1,0
45,13776,1,9,0,0
22,15443,3,5,1,0
35,17965,2,1,1,1
45,15125,4,2,0,0
32,3540,3,8,1,2
47,10033,0,8,0,0
41,19069,1,9,0,0
56,18214,3,0,0,1
28,12448,2,8,1,2
23,19282,3,1,1,0
44,13526,1,8,1,0
32,1765,0,8,1,0
52,18324,3,3,0,0
25,3778,3,1,1,0
46,7924,3,7,1,2
64,5142,2,0,0,0
25,14531,0,5,1,1
34,1084,3,3,0,0
58,12986,3,4,1,2
44,17355,3,8,1,2
28,15861,0,9,1,2
30,6486,3,4,0,0
54,17990,3,2,1,1
58,7559,4,8,1,2
36,13761,2,4,1,2
41,10380,3,1,1,2
55,1818,2,9,1,2
28,557,3,9,1,2
30,4071,3,2,0,0
55,18725,3,1,0,1
29,19102,4,1,0,0
54,8497,0,5,0,0
42,19388,3,3,1,0
64,1464,3,6,1,2
22,19364,2,7,1,1
62,5002,2,0,1,0
30,1217,3,8,0,2
22,15278,2,0,0,1
52,7957,2,1,0,0
44,6200,4,7,1,2
57,15313,3,6,0,2
25,6994,1,9,1,0
24,15181,4,5,1,2
45,4307,1,4,0,0
59,2175,0,6,1,0
38,6835,4,7,1,2
56,12385,1,6,1,2
60,4887,1,3,0,0
59,3285,1,9,0,0
43,15108,2,3,1,0
51,10117,0,3,1,2
44,8913,0,2,1,0
50,5173,1,2,0,0
45,845,1,2,0,0
44,1536,0,5,0,0
40,13789,4,7,1,2
49,2060,2,4,0,0
54,5315,0,9,1,0
61,18262,0,4,1,1
47,7207,4,4,0,0
25,15020,1,0,1,2
46,7194,0,9,0,0
34,18670,3,1,0,1
22,16526,4,1,1,1
24,9664,1,9,0,0
47,13845,3,5,1,0
62,8559,2,0,1,2
43,18915,0,4,1,2
40,7488,3,5,0,0
24,16810,4,0,1,0
50,12517,4,7,0,2
23,13051,0,6,1,0
58,7355,2,0,0,0
56,16741,3,6,1,2
64,15052,0,2,0,1
33,16398,4,7,1,2
28,16125,0,3,0,1
34,3573,1,2,1,0
56,17578,4,5,1,2
30,16915,2,4,0,1
60,5234,3,3,0,0
27,19642,2,8,0,0
23,10776,3,6,0,2
30,6777,0,4,1,2
54,4857,3,2,1,0
47,7611,0,5,1,2
36,1232,0,0,0,0
49,13968,2,8,0,0
49,14302,2,0,1,2
45,13521,0,6,0,1
43,11205,3,3,0,0
25,7573,1,7,0,0
32,14616,4,3,1,0
44,17491,0,0,1,0
26,2208,1,9,0,0
41,7966,1,7,1,0
26,19912,2,0,1,2
55,17308,2,0,1,2
25,19889,0,5,1,2
25,4074,2,9,1,0
49,9567,4,5,1,2
30,3041,0,0,1,2
36,17388,1,6,1,0
34,10616,2,4,1,2
30,5249,3,6,0,2
54,2261,0,3,0,0
51,14882,1,0,0,1
31,16330,1,0,0,0
51,17644,3,6,1,2
52,19441,0,6,0,1
44,16385,3,3,1,1
46,15833,2,0,0,1
62,16329,1,7,0,0
40,19974,4,1,0,1
37,9529,4,1,1,0
44,15292,4,4,0,1
57,16489,4,7,1,2
52,2767,1,9,0,0
24,13968,4,6,1,2
41,7107,0,9,1,2
53,3082,1,6,1,0
30,3822,2,8,1,0
64,2726,3,1,1,2
56,18006,2,0,0,1
58,15552,2,6,0,1
24,2491,1,9,1,0
46,12696,2,7,1,2
44,13378,2,3,1,0
48,10627,2,4,0,0
58,12319,2,1,0,0
36,18191,3,3,0,0
44,10617,1,6,0,0
50,13362,0,1,1,2
54,11636,1,4,1,0
54,8224,2,2,1,0
35,17871,0,4,0,0
64,8571,0,7,0,0
21,16099,4,8,0,2
42,12302,1,4,1,2
47,13856,3,8,1,2
23,15325,0,7,0,0
40,14850,4,9,0,2
47,11504,1,7,0,0
47,12501,1,5,1,1
26,10420,3,6,1,2
33,7113,1,3,0,0
31,14674,2,6,1,0
49,17638,3,7,1,2
35,14252,0,6,1,2
46,15557,0,1,0,1
53,16691,3,5,0,1
56,7663,1,7,1,0
29,1719,4,1,1,0
60,7082,4,7,0,2
28,15221,4,8,0,2
21,16406,4,5,1,2
22,10518,4,9,1,2
29,15682,1,8,0,0
59,1956,4,4,0,0
30,13060,1,8,1,2
51,13740,2,9,1,2
39,10402,0,1,1,2
22,14472,4,9,0,2
40,10083,2,0,0,0
22,10710,4,4,0,0
41,12277,1,9,0,1
45,15979,1,7,0,0
43,5349,2,2,1,0
33,6354,4,6,1,2
54,8667,2,2,0,0
47,4437,3,2,1,2
32,7017,1,9,0,0
40,7339,3,0,1,0
25,6627,3,9,0,2
61,8495,4,4,0,0
54,10343,0,0,1,0
33,14070,1,7,0,0
50,6407,0,0,0,0
50,16987,2,3,1,2
47,9848,3,2,1,0
23,14557,3,7,0,2
59,2738,3,3,0,0
63,3892,3,6,1,2
63,9344,4,0,0,0
64,7641,4,6,0,2
61,10174,2,7,0,0
53,3589,4,2,1,2
23,9735,0,8,1,0
41,13891,3,4,1,2
31,14704,2,6,0,0
30,5339,4,1,0,0
57,7216,2,9,0,0
56,10745,0,2,0,0
43,10600,3,6,0,2
53,15940,4,0,1,0
26,8110,0,0,1,2
30,13583,0,1,0,1
58,17733,3,9,1,2
40,6318,2,2,1,0
45,16547,2,8,1,2
41,6990,0,5,1,2
29,7020,2,0,0,0
57,13240,2,4,0,0
54,12624,4,4,0,1
51,11214,1,2,1,2
36,5008,1,6,1,0
49,2379,0,8,0,0
62,18224,2,8,0,0
49,17542,3,5,1,1
42,17790,1,8,0,0
32,10495,3,9,0,2
44,17748,4,0,1,2
37,9730,0,6,1,0
47,1972,2,7,0,0
23,4369,3,0,0,0
29,5815,0,6,0,0
55,7851,0,9,0,0
37,18811,1,2,0,0
40,6990,0,8,0,0
44,12446,1,9,1,2
40,5779,0,6,0,0
54,13043,4,6,0,2
31,11564,2,5,1,0
54,3433,1,4,1,2
30,9514,3,4,0,0
37,2555,0,5,0,0
46,17839,2,4,0,1
59,14230,3,8,1,2
31,18856,4,7,0,2
46,17574,1,3,1,0
23,4779,2,5,0,0
24,14290,3,2,1,2
54,2452,3,1,0,0
52,19231,0,3,0,0
37,15814,4,0,0,0
48,13769,1,8,1,2
37,19899,1,1,1,2
33,17014,0,3,0,0
39,17340,0,2,1,2
34,2452,1,2,1,0
56,962,0,3,1,0
39,19241,3,7,1,2
35,5399,2,8,0,0
44,8814,1,1,0,0
54,1345,2,2,1,0
33,12649,3,4,1,2
62,16505,0,3,1,0
41,16914,1,7,1,0
50,11837,4,2,1,0
63,13395,0,4,0,0
39,10517,4,5,0,0
29,9199,4,3,1,0
53,11311,1,6,0,0
21,18749,1,7,1,0
41,5422,1,5,0,0
64,9668,2,4,1,0
39,12231,1,9,0,0
51,11617,3,9,0,2
44,1098,1,9,1,2
30,6103,4,0,0,0
34,13097,4,8,0,2
44,14034,2,8,1,0
25,14821,2,8,0,1
39,19831,0,7,1,0
39,13624,0,3,0,0
57,11803,2,7,1,2
26,6976,2,5,0,0
58,7723,1,8,1,2
39,16612,0,3,0,0
49,9639,4,7,1,2
45,14453,2,7,0,0
34,2920,2,8,1,0
61,3001,2,1,1,0
30,4701,2,8,0,0
22,4305,3,2,0,0
54,12336,3,9,1,2
48,12923,2,0,1,0
60,11379,0,2,1,2
41,6143,4,6,1,2
21,11745,1,5,0,0
21,2828,0,6,1,2
40,9720,0,4,1,2
31,3521,3,0,1,0
61,1996,1,6,0,0
26,3729,0,5,0,0
59,2667,4,5,0,0
30,9816,1,3,1,0
26,11143,4,8,0,2
33,12344,4,7,1,2
27,9074,0,1,1,2
38,3939,3,0,0,0
35,907,3,1,0,0
44,14393,0,0,0,0
44,19663,1,7,1,1
21,5979,2,6,1,2
26,4491,0,4,0,0
28,6575,3,5,0,0
29,4680,1,8,0,0
25,4858,4,8,1,2
34,10143,4,4,1,2
45,15811,3,5,0,0
34,14389,0,5,0,0
35,19216,0,9,0,1
41,7468,0,7,1,2
45,10103,2,3,1,0
35,7916,3,8,0,2
30,1319,0,3,1,2
39,8075,3,7,0,2
22,5581,0,9,1,2
42,9835,1,8,0,0
62,3581,2,1,1,2
38,14962,4,2,0,0
25,16933,3,7,1,2
52,19235,2,1,1,2
26,2154,0,0,0,0
29,2793,1,2,1,2
27,19346,3,4,1,2
59,17040,0,1,0,0
64,11976,3,1,0,0
46,6769,3,3,1,2
48,10595,3,5,0,0
49,10945,1,5,0,0
47,17023,1,7,1,2
44,10823,0,9,1,2
64,1037,1,0,0,0
53,14142,2,6,0,0
24,15654,0,1,1,0
38,6312,2,3,0,0
63,2773,1,3,0,0
38,3273,2,7,0,0
29,16895,1,2,0,1
59,9227,4,8,1,2
48,10818,1,3,0,0
45,19232,4,8,0,2
39,1692,0,9,1,0
26,4515,0,5,1,0
37,16748,0,1,1,2
40,11032,2,7,1,2
61,1032,4,4,0,0
34,14206,0,3,0,1
27,3198,3,4,0,0
39,15751,3,2,1,2
64,16057,1,2,0,0
42,16575,1,9,1,2
37,9564,4,2,0,0
50,5722,3,4,1,0
49,17687,1,7,1,0
34,11395,4,2,1,2
63,12890,2,6,1,2
47,3162,0,8,0,0
23,12658,4,8,0,2
38,11811,4,0,0,0
61,6198,2,4,0,0
38,15453,3,0,1,2
45,3106,1,6,1,2
47,14527,4,3,1,2
51,19242,1,8,0,1
59,11561,1,1,0,0
27,2543,2,8,0,0
43,11289,1,3,0,0
44,10815,3,9,1,2
27,11267,3,1,0,0
50,5815,2,2,0,0
26,12708,3,3,1,2
41,5650,2,9,0,0
35,11378,4,7,1,2
27,12094,1,8,0,1
57,13094,3,5,1,2
31,16059,2,7,1,2
32,17709,4,6,0,2
58,15654,1,6,0,0
59,16019,0,8,0,0
22,17441,4,9,1,2
33,5228,4,5,1,2
52,6211,3,4,0,0
55,10894,2,6,1,2
64,9582,2,7,0,0
45,14191,3,9,1,2
21,682,3,6,1,2
59,3210,1,9,0,0
28,15063,0,7,0,0
26,16528,0,9,0,0
50,6395,1,7,0,0
47,6563,3,8,0,2
23,11449,2,1,0,0
28,9803,3,9,0,2
46,3801,2,3,1,2
32,10258,1,7,0,0
51,16478,3,3,0,0
39,14726,3,4,1,2
46,16436,4,7,1,2
41,13054,4,5,1,2
37,17610,1,7,0,1
36,5371,3,0,1,0
51,1395,1,8,0,0
43,2723,4,4,0,0
47,19852,3,7,0,2
46,12990,4,2,0,1
30,5331,1,5,0,0
61,17154,0,5,1,1
45,6533,0,1,1,0
52,12146,2,4,0,1
59,5362,4,6,0,2
61,2350,3,8,1,2
50,5716,4,8,1,2
55,4949,2,3,1,2
41,11276,4,6,0,2
53,903,4,1,0,0
35,5176,1,8,1,0
52,11571,4,8,1,2
24,8178,0,9,0,0
61,12900,2,4,1,0
31,13284,2,3,1,2
49,19324,1,7,0,0
21,16802,4,7,0,2
27,4950,3,2,0,0
64,14008,0,5,1,2
57,12731,0,6,0,0
30,12089,0,4,1,1
26,16080,1,3,0,0
56,3380,0,2,1,0
64,7815,1,4,1,2
28,16414,3,2,0,1
50,17897,4,3,0,1
33,1226,3,1,1,0
53,9693,2,3,0,0
39,5651,3,6,0,2
26,3775,4,3,0,0
35,1612,0,1,0,0
44,10991,4,8,0,2
56,13514,3,4,0,0
21,10859,1,5,0,0
63,7683,2,5,1,2
49,15540,2,5,0,0
59,13214,0,4,0,1
61,18214,1,7,0,0
27,7267,1,8,1,2
25,5159,0,9,1,2
55,9386,2,4,1,2
29,10383,2,3,0,0
27,9430,1,0,0,0
41,16731,0,4,0,0
61,1388,4,9,0,2
56,10791,3,2,1,0
43,8889,2,8,1,0
29,4611,3,7,0,2
35,13000,1,6,0,0
51,16125,1,5,1,0
27,11148,3,7,0,2
44,2156,3,0,1,0
21,1968,3,1,0,0
35,8721,2,1,0,0
31,13527,0,7,1,2
50,6613,3,4,1,0
61,6522,3,2,0,0
27,17272,2,0,0,0
56,781,1,4,0,0
49,2054,4,3,0,0
63,3534,1,1,0,0
61,19680,1,0,1,2
25,10202,3,7,0,2
53,3586,2,7,1,0
47,6552,2,2,1,2
25,19403,3,4,0,0
32,14040,1,2,1,1
61,4862,0,4,0,0
44,5192,0,1,1,0
35,1961,4,9,1,2
35,15569,2,7,1,2
57,3179,2,9,0,0
33,6086,1,2,0,0
27,7293,3,8,1,2
46,12606,4,5,1,0
64,12323,3,1,0,0
29,16084,2,3,1,1
32,6296,2,8,0,0
41,8018,4,7,1,2
29,8078,4,7,0,2
49,1412,1,2,1,2
32,14882,4,6,1,2
26,10941,4,9,0,2
32,9775,4,0,1,2
61,19910,0,3,1,0
62,3987,0,0,1,2
43,19395,1,1,0,1
38,13767,3,9,0,2
57,4809,0,2,1,2
29,13731,0,1,1,0
49,15236,0,0,0,1
50,7568,0,9,1,2
52,7226,4,4,1,0
30,16786,3,7,0,2
52,3625,3,2,1,0
47,760,1,6,0,0
59,13485,3,8,1,2
28,18177,3,6,0,2
47,10266,2,5,0,0
57,3132,4,2,0,0
33,11014,2,2,1,0
53,5411,1,5,0,0
25,16634,3,4,1,2
52,12436,4,0,1,2
47,7062,4,1,1,2
29,12678,2,4,1,2
23,13508,2,1,1,2
53,13735,4,5,1,0
31,7640,3,3,1,0
42,11627,2,2,1,0
23,1333,1,1,1,0
63,8369,4,5,0,0
45,7871,4,1,0,0
61,10926,0,6,1,0
28,19025,0,9,0,0
30,19093,0,9,0,0
47,9923,1,6,1,0
47,13099,0,8,1,2
55,2610,4,9,1,2
61,9904,4,6,0,2
57,13912,0,2,0,0
27,13814,4,5,1,1
34,19285,0,8,0,0
61,9591,3,6,1,2
45,18204,1,3,0,1
59,19584,0,1,0,0
45,11653,2,1,1,0
23,2283,4,3,0,0
41,7837,4,8,1,2
57,15411,0,5,0,1
49,11823,4,0,1,0
26,18758,1,9,1,2
30,16410,2,4,0,0
58,1732,0,3,1,0
64,17294,4,8,0,2
54,7468,3,3,1,2
25,16467,3,6,1,2
